Date,Impressions (organic),Impressions (sponsored),Impressions (total),Unique impressions (organic),Clicks (organic),Clicks (sponsored),Clicks (total),Reactions (organic),Reactions (sponsored),Reactions (total),Comments (organic),Comments (sponsored),Comments (total),Reposts (organic),Reposts (sponsored),Reposts (total),Engagement rate (organic),Engagement rate (sponsored),Engagement rate (total)
12/21/2024,593,0,593,179,163,0,163,3,0,3,0,0,0,0,0,0,0.2799325463743676,0,0.2799325463743676
12/22/2024,532,0,532,167,50,0,50,1,0,1,0,0,0,0,0,0,0.09586466165413533,0,0.09586466165413533
12/23/2024,672,0,672,179,82,0,82,4,0,4,1,0,1,0,0,0,0.12946428571428573,0,0.12946428571428573
12/24/2024,1320,0,1320,430,338,0,338,13,0,13,0,0,0,0,0,0,0.26590909090909093,0,0.26590909090909093
12/25/2024,515,0,515,203,114,0,114,6,0,6,0,0,0,0,0,0,0.23300970873786409,0,0.23300970873786409
12/26/2024,1429,0,1429,495,193,0,193,30,0,30,1,0,1,0,0,0,0.15675297410776767,0,0.15675297410776767
12/27/2024,645,0,645,245,91,0,91,18,0,18,0,0,0,0,0,0,0.16899224806201552,0,0.16899224806201552
12/28/2024,517,0,517,184,101,0,101,2,0,2,0,0,0,0,0,0,0.19922630560928434,0,0.19922630560928434
12/29/2024,411,0,411,122,52,0,52,4,0,4,0,0,0,0,0,0,0.1362530413625304,0,0.1362530413625304
12/30/2024,329,0,329,104,19,0,19,6,0,6,0,0,0,0,0,0,0.07598784194528875,0,0.07598784194528875
12/31/2024,392,0,392,83,38,0,38,2,0,2,0,0,0,0,0,0,0.10204081632653061,0,0.10204081632653061
01/01/2025,538,0,538,309,29,0,29,27,0,27,0,0,0,0,0,0,0.10408921933085502,0,0.10408921933085502
01/02/2025,1193,0,1193,374,122,0,122,21,0,21,1,0,1,1,0,1,0.12154233025984912,0,0.12154233025984912
01/03/2025,1867,0,1867,541,605,0,605,48,0,48,0,0,0,3,0,3,0.3513658275307981,0,0.3513658275307981
01/04/2025,849,0,849,329,279,0,279,19,0,19,0,0,0,0,0,0,0.3510011778563015,0,0.3510011778563015
01/05/2025,542,0,542,193,139,0,139,9,0,9,0,0,0,0,0,0,0.2730627306273063,0,0.2730627306273063
01/06/2025,559,0,559,181,203,0,203,10,0,10,0,0,0,0,0,0,0.3810375670840787,0,0.3810375670840787
01/07/2025,2889,0,2889,1123,1036,0,1036,69,0,69,1,0,1,1,0,1,0.38317757009345793,0,0.38317757009345793
01/08/2025,1347,0,1347,398,312,0,312,25,0,25,0,0,0,0,0,0,0.2501855976243504,0,0.2501855976243504
01/09/2025,1487,0,1487,534,250,0,250,38,0,38,0,0,0,0,0,0,0.1936785474108944,0,0.1936785474108944
01/10/2025,664,0,664,216,136,0,136,15,0,15,0,0,0,0,0,0,0.22740963855421686,0,0.22740963855421686
01/11/2025,822,0,822,193,118,0,118,7,0,7,0,0,0,0,0,0,0.15206812652068127,0,0.15206812652068127
01/12/2025,668,0,668,204,142,0,142,9,0,9,-3,0,-3,-1,0,-1,0.22005988023952097,0,0.22005988023952097
01/13/2025,711,0,711,217,94,0,94,12,0,12,0,0,0,0,0,0,0.1490857946554149,0,0.1490857946554149
01/14/2025,543,4053,4596,143,125,1,126,15,0,15,0,0,0,0,0,0,0.2578268876611418,0.0002467308166790032,0.030678851174934726
01/15/2025,531,22159,22690,134,131,2,133,4,0,4,0,0,0,0,0,0,0.2542372881355932,9.025678054063812e-05,0.0060379021595416485
01/16/2025,1018,24682,25700,441,89,4,93,33,0,33,3,0,3,0,0,0,0.12278978388998035,0.00016206142127866461,0.005019455252918288
01/17/2025,1451,11271,12722,690,100,1,101,28,0,28,0,0,0,0,0,0,0.08821502412129566,8.872327211427557e-05,0.010139915107687471
01/18/2025,659,0,659,312,77,0,77,5,0,5,0,0,0,0,0,0,0.1244309559939302,0,0.1244309559939302
01/19/2025,565,0,565,247,95,0,95,5,0,5,0,0,0,0,0,0,0.17699115044247787,0,0.17699115044247787
01/20/2025,1073,0,1073,401,189,0,189,14,0,14,0,0,0,0,0,0,0.1891891891891892,0,0.1891891891891892
01/21/2025,844,0,844,394,124,0,124,1,0,1,0,0,0,0,0,0,0.1481042654028436,0,0.1481042654028436
01/22/2025,947,0,947,289,149,0,149,11,0,11,0,0,0,0,0,0,0.1689545934530095,0,0.1689545934530095
01/23/2025,617,0,617,168,174,0,174,3,0,3,0,0,0,0,0,0,0.28687196110210694,0,0.28687196110210694
01/24/2025,1440,0,1440,685,149,0,149,6,0,6,0,0,0,0,0,0,0.1076388888888889,0,0.1076388888888889
01/25/2025,568,0,568,283,39,0,39,5,0,5,0,0,0,0,0,0,0.07746478873239436,0,0.07746478873239436
01/26/2025,2872,0,2872,1069,1174,0,1174,56,0,56,0,0,0,0,0,0,0.42827298050139273,0,0.42827298050139273
01/27/2025,1542,0,1542,568,414,0,414,47,0,47,1,0,1,0,0,0,0.29961089494163423,0,0.29961089494163423
01/28/2025,1342,0,1342,378,199,0,199,20,0,20,0,0,0,0,0,0,0.1631892697466468,0,0.1631892697466468
01/29/2025,1545,0,1545,436,234,0,234,26,0,26,0,0,0,0,0,0,0.16828478964401294,0,0.16828478964401294
01/30/2025,899,0,899,257,115,0,115,15,0,15,1,0,1,0,0,0,0.1457174638487208,0,0.1457174638487208
01/31/2025,857,0,857,340,533,0,533,14,0,14,-1,0,-1,0,0,0,0.6371061843640606,0,0.6371061843640606
02/01/2025,935,0,935,238,320,0,320,11,0,11,0,0,0,0,0,0,0.35401069518716577,0,0.35401069518716577
02/02/2025,647,0,647,173,151,0,151,2,0,2,0,0,0,0,0,0,0.23647604327666152,0,0.23647604327666152
02/03/2025,2814,0,2814,1130,1142,0,1142,73,0,73,1,0,1,0,0,0,0.43212508884150674,0,0.43212508884150674
02/04/2025,1622,0,1622,338,438,0,438,25,0,25,0,0,0,0,0,0,0.28545006165228115,0,0.28545006165228115
02/05/2025,609,0,609,168,125,0,125,12,0,12,0,0,0,0,0,0,0.22495894909688013,0,0.22495894909688013
02/06/2025,1359,0,1359,292,283,0,283,40,0,40,0,0,0,0,0,0,0.2376747608535688,0,0.2376747608535688
02/07/2025,1805,0,1805,744,272,0,272,42,0,42,2,0,2,0,0,0,0.17506925207756233,0,0.17506925207756233
02/08/2025,1001,0,1001,439,161,0,161,17,0,17,0,0,0,1,0,1,0.17882117882117882,0,0.17882117882117882
02/09/2025,656,0,656,232,126,0,126,15,0,15,0,0,0,1,0,1,0.21646341463414634,0,0.21646341463414634
02/10/2025,1409,0,1409,592,129,0,129,49,0,49,0,0,0,0,0,0,0.1263307310149042,0,0.1263307310149042
02/11/2025,1159,0,1159,330,199,0,199,11,0,11,0,0,0,0,0,0,0.181190681622088,0,0.181190681622088
02/12/2025,1951,0,1951,688,212,0,212,53,0,53,1,0,1,3,0,3,0.13787801127626859,0,0.13787801127626859
02/13/2025,1340,0,1340,543,106,0,106,43,0,43,1,0,1,1,0,1,0.1126865671641791,0,0.1126865671641791
02/14/2025,1566,0,1566,647,114,0,114,15,0,15,0,0,0,0,0,0,0.08237547892720307,0,0.08237547892720307
02/15/2025,904,0,904,398,74,0,74,8,0,8,0,0,0,0,0,0,0.09070796460176991,0,0.09070796460176991
02/16/2025,668,0,668,318,76,0,76,2,0,2,0,0,0,0,0,0,0.11676646706586827,0,0.11676646706586827
02/17/2025,2438,0,2438,1095,2322,0,2322,33,0,33,0,0,0,1,0,1,0.9663658736669402,0,0.9663658736669402
02/18/2025,930,0,930,394,521,0,521,11,0,11,0,0,0,0,0,0,0.5720430107526882,0,0.5720430107526882
02/19/2025,1134,0,1134,398,241,0,241,21,0,21,0,0,0,1,0,1,0.23192239858906524,0,0.23192239858906524
02/20/2025,632,0,632,224,215,0,215,20,0,20,0,0,0,0,0,0,0.37183544303797467,0,0.37183544303797467
02/21/2025,1913,0,1913,936,292,0,292,33,0,33,1,0,1,0,0,0,0.17041296393099845,0,0.17041296393099845
02/22/2025,1277,0,1277,627,248,0,248,7,0,7,0,0,0,0,0,0,0.19968676585747847,0,0.19968676585747847
02/23/2025,646,0,646,320,91,0,91,2,0,2,0,0,0,0,0,0,0.14396284829721362,0,0.14396284829721362
02/24/2025,1031,0,1031,526,73,0,73,19,0,19,0,0,0,0,0,0,0.0892337536372454,0,0.0892337536372454
02/25/2025,559,0,559,283,50,0,50,7,0,7,0,0,0,0,0,0,0.10196779964221825,0,0.10196779964221825
02/26/2025,1315,0,1315,643,168,0,168,23,0,23,0,0,0,1,0,1,0.14600760456273765,0,0.14600760456273765
02/27/2025,1258,0,1258,554,190,0,190,21,0,21,0,0,0,0,0,0,0.16772655007949125,0,0.16772655007949125
02/28/2025,1041,0,1041,345,298,0,298,13,0,13,0,0,0,0,0,0,0.2987512007684918,0,0.2987512007684918
03/01/2025,534,0,534,240,130,0,130,10,0,10,0,0,0,0,0,0,0.26217228464419473,0,0.26217228464419473
03/02/2025,409,0,409,191,88,0,88,6,0,6,0,0,0,0,0,0,0.22982885085574573,0,0.22982885085574573
03/03/2025,1218,0,1218,586,146,0,146,51,0,51,1,0,1,0,0,0,0.1625615763546798,0,0.1625615763546798
03/04/2025,664,0,664,252,136,0,136,10,0,10,0,0,0,1,0,1,0.2213855421686747,0,0.2213855421686747
03/05/2025,697,0,697,154,161,0,161,7,0,7,0,0,0,0,0,0,0.24103299856527977,0,0.24103299856527977
03/06/2025,482,0,482,158,158,0,158,8,0,8,0,0,0,0,0,0,0.34439834024896265,0,0.34439834024896265
03/07/2025,1252,0,1252,646,113,0,113,6,0,6,0,0,0,0,0,0,0.0950479233226837,0,0.0950479233226837
03/08/2025,2869,0,2869,903,1994,0,1994,72,0,72,0,0,0,0,0,0,0.7201115371209481,0,0.7201115371209481
03/09/2025,1339,0,1339,498,689,0,689,33,0,33,0,0,0,0,0,0,0.5392083644510829,0,0.5392083644510829
03/10/2025,985,0,985,398,479,0,479,12,0,12,0,0,0,0,0,0,0.4984771573604061,0,0.4984771573604061
03/11/2025,1728,0,1728,756,294,0,294,44,0,44,0,0,0,0,0,0,0.19560185185185186,0,0.19560185185185186
03/12/2025,2004,0,2004,795,810,0,810,70,0,70,1,0,1,2,0,2,0.4406187624750499,0,0.4406187624750499
03/13/2025,513,0,513,255,460,0,460,45,0,45,0,0,0,0,0,0,0.9844054580896686,0,0.9844054580896686
03/14/2025,3787,0,3787,1090,3043,0,3043,102,0,102,0,0,0,0,0,0,0.830472669659361,0,0.830472669659361
03/15/2025,1491,0,1491,628,844,0,844,27,0,27,0,0,0,0,0,0,0.5841716968477532,0,0.5841716968477532
03/16/2025,1118,0,1118,410,633,0,633,19,0,19,0,0,0,0,0,0,0.5831842576028623,0,0.5831842576028623
03/17/2025,851,0,851,305,528,0,528,21,0,21,0,0,0,0,0,0,0.645123384253819,0,0.645123384253819
03/18/2025,1354,0,1354,654,350,0,350,84,0,84,12,0,12,1,0,1,0.33013293943870015,0,0.33013293943870015
03/19/2025,1801,0,1801,664,496,0,496,34,0,34,4,0,4,0,0,0,0.29650194336479735,0,0.29650194336479735
03/20/2025,980,0,980,306,419,0,419,24,0,24,16,0,16,0,0,0,0.4683673469387755,0,0.4683673469387755
03/21/2025,2163,0,2163,1012,434,0,434,24,0,24,3,0,3,0,0,0,0.21312991215903837,0,0.21312991215903837
03/22/2025,1127,0,1127,482,183,0,183,10,0,10,1,0,1,0,0,0,0.17213842058562556,0,0.17213842058562556
03/23/2025,737,0,737,392,169,0,169,8,0,8,0,0,0,0,0,0,0.24016282225237448,0,0.24016282225237448
03/24/2025,1077,0,1077,519,203,0,203,19,0,19,0,0,0,0,0,0,0.20612813370473537,0,0.20612813370473537
03/25/2025,1294,0,1294,515,161,0,161,37,0,37,4,0,4,0,0,0,0.1561051004636785,0,0.1561051004636785
03/26/2025,1212,0,1212,479,282,0,282,35,0,35,2,0,2,0,0,0,0.2632013201320132,0,0.2632013201320132
03/27/2025,1295,0,1295,525,225,0,225,17,0,17,1,0,1,0,0,0,0.18764478764478765,0,0.18764478764478765
03/28/2025,984,0,984,379,104,0,104,10,0,10,2,0,2,0,0,0,0.11788617886178862,0,0.11788617886178862
03/29/2025,543,0,543,183,102,0,102,4,0,4,0,0,0,0,0,0,0.19521178637200737,0,0.19521178637200737
03/30/2025,656,0,656,215,156,0,156,15,0,15,0,0,0,0,0,0,0.2606707317073171,0,0.2606707317073171
03/31/2025,1045,0,1045,421,605,0,605,19,0,19,0,0,0,0,0,0,0.5971291866028708,0,0.5971291866028708
04/01/2025,580,0,580,247,275,0,275,7,0,7,0,0,0,0,0,0,0.4862068965517241,0,0.4862068965517241
04/02/2025,691,0,691,202,227,0,227,8,0,8,0,0,0,0,0,0,0.34008683068017365,0,0.34008683068017365
04/03/2025,939,0,939,379,148,0,148,24,0,24,0,0,0,0,0,0,0.18317358892438765,0,0.18317358892438765
04/04/2025,1294,0,1294,674,187,0,187,16,0,16,2,0,2,0,0,0,0.15842349304482226,0,0.15842349304482226
04/05/2025,909,0,909,511,118,0,118,6,0,6,0,0,0,0,0,0,0.13641364136413642,0,0.13641364136413642
04/06/2025,605,0,605,338,106,0,106,4,0,4,0,0,0,0,0,0,0.18181818181818182,0,0.18181818181818182
04/07/2025,1062,0,1062,347,133,0,133,1,0,1,0,0,0,0,0,0,0.12617702448210924,0,0.12617702448210924
04/08/2025,1945,0,1945,923,230,0,230,78,0,78,4,0,4,1,0,1,0.1609254498714653,0,0.1609254498714653
04/09/2025,1311,0,1311,500,255,0,255,28,0,28,10,0,10,0,0,0,0.2234935163996949,0,0.2234935163996949
04/10/2025,835,0,835,387,44,0,44,14,0,14,10,0,10,0,0,0,0.081437125748503,0,0.081437125748503
04/11/2025,2307,0,2307,695,351,0,351,53,0,53,2,0,2,0,0,0,0.17598612917208495,0,0.17598612917208495
04/12/2025,940,0,940,432,74,0,74,9,0,9,0,0,0,0,0,0,0.08829787234042553,0,0.08829787234042553
04/13/2025,540,0,540,230,82,0,82,7,0,7,1,0,1,0,0,0,0.16666666666666666,0,0.16666666666666666
04/14/2025,1681,0,1681,658,204,0,204,87,0,87,0,0,0,0,0,0,0.17311124330755503,0,0.17311124330755503
04/15/2025,1885,0,1885,725,318,0,318,83,0,83,2,0,2,2,0,2,0.21485411140583555,0,0.21485411140583555
04/16/2025,1007,0,1007,379,95,0,95,22,0,22,0,0,0,0,0,0,0.11618669314796425,0,0.11618669314796425
04/17/2025,1323,0,1323,500,98,0,98,42,0,42,1,0,1,2,0,2,0.10808767951625095,0,0.10808767951625095
04/18/2025,960,0,960,450,77,0,77,22,0,22,0,0,0,0,0,0,0.103125,0,0.103125
04/19/2025,492,0,492,227,47,0,47,13,0,13,0,0,0,0,0,0,0.12195121951219512,0,0.12195121951219512
04/20/2025,616,0,616,221,98,0,98,8,0,8,1,0,1,0,0,0,0.1737012987012987,0,0.1737012987012987
04/21/2025,903,0,903,269,42,0,42,14,0,14,0,0,0,0,0,0,0.06201550387596899,0,0.06201550387596899
04/22/2025,499,0,499,169,33,0,33,9,0,9,1,0,1,0,0,0,0.08617234468937876,0,0.08617234468937876
04/23/2025,1260,0,1260,574,70,0,70,62,0,62,4,0,4,1,0,1,0.10873015873015873,0,0.10873015873015873
04/24/2025,943,0,943,321,102,0,102,35,0,35,8,0,8,0,0,0,0.1537645811240721,0,0.1537645811240721
04/25/2025,1201,0,1201,547,70,0,70,33,0,33,1,0,1,0,0,0,0.08659450457951708,0,0.08659450457951708
04/26/2025,1737,0,1737,855,150,0,150,12,0,12,0,0,0,0,0,0,0.09326424870466321,0,0.09326424870466321
04/27/2025,1122,0,1122,486,78,0,78,7,0,7,0,0,0,0,0,0,0.07575757575757576,0,0.07575757575757576
04/28/2025,2091,0,2091,884,141,0,141,61,0,61,1,0,1,1,0,1,0.0975609756097561,0,0.0975609756097561
04/29/2025,1256,0,1256,492,126,0,126,27,0,27,2,0,2,0,0,0,0.12340764331210191,0,0.12340764331210191
04/30/2025,3305,0,3305,1387,3331,0,3331,56,0,56,5,0,5,2,0,2,1.026928895612708,0,1.026928895612708
05/01/2025,1368,0,1368,586,914,0,914,20,0,20,1,0,1,1,0,1,0.6842105263157895,0,0.6842105263157895
05/02/2025,968,0,968,306,527,0,527,19,0,19,0,0,0,0,0,0,0.5640495867768595,0,0.5640495867768595
05/03/2025,579,0,579,202,191,0,191,4,0,4,1,0,1,0,0,0,0.3385146804835924,0,0.3385146804835924
05/04/2025,613,0,613,194,241,0,241,5,0,5,0,0,0,0,0,0,0.401305057096248,0,0.401305057096248
05/05/2025,360,0,360,165,161,0,161,6,0,6,0,0,0,0,0,0,0.4638888888888889,0,0.4638888888888889
05/06/2025,434,0,434,145,117,0,117,7,0,7,0,0,0,0,0,0,0.2857142857142857,0,0.2857142857142857
05/07/2025,1722,0,1722,830,240,0,240,55,0,55,21,0,21,0,0,0,0.1835075493612079,0,0.1835075493612079
05/08/2025,647,0,647,309,70,0,70,11,0,11,7,0,7,0,0,0,0.13601236476043277,0,0.13601236476043277
05/09/2025,1083,0,1083,362,168,0,168,30,0,30,1,0,1,0,0,0,0.1837488457987073,0,0.1837488457987073
05/10/2025,1028,0,1028,472,73,0,73,44,0,44,0,0,0,0,0,0,0.11381322957198443,0,0.11381322957198443
05/11/2025,585,0,585,227,77,0,77,23,0,23,2,0,2,0,0,0,0.17435897435897435,0,0.17435897435897435
05/12/2025,1010,0,1010,303,131,0,131,24,0,24,2,0,2,0,0,0,0.15544554455445544,0,0.15544554455445544
05/13/2025,846,0,846,277,77,0,77,10,0,10,3,0,3,0,0,0,0.10638297872340426,0,0.10638297872340426
05/14/2025,2132,0,2132,819,266,0,266,56,0,56,2,0,2,1,0,1,0.1524390243902439,0,0.1524390243902439
05/15/2025,1157,0,1157,561,130,0,130,30,0,30,1,0,1,0,0,0,0.13915298184961106,0,0.13915298184961106
05/16/2025,1909,0,1909,753,432,0,432,16,0,16,3,0,3,0,0,0,0.23624934520691462,0,0.23624934520691462
05/17/2025,1076,0,1076,518,349,0,349,13,0,13,3,0,3,0,0,0,0.3392193308550186,0,0.3392193308550186
05/18/2025,1186,0,1186,460,426,0,426,15,0,15,0,0,0,0,0,0,0.3718381112984823,0,0.3718381112984823
05/19/2025,1071,0,1071,487,254,0,254,11,0,11,0,0,0,0,0,0,0.24743230625583568,0,0.24743230625583568
05/20/2025,1839,0,1839,861,272,0,272,37,0,37,10,0,10,0,0,0,0.17346383904295812,0,0.17346383904295812
05/21/2025,1350,0,1350,455,132,0,132,19,0,19,7,0,7,0,0,0,0.11703703703703704,0,0.11703703703703704
05/22/2025,1601,0,1601,313,507,0,507,5,0,5,1,0,1,0,0,0,0.3204247345409119,0,0.3204247345409119
05/23/2025,1970,0,1970,734,132,0,132,10,0,10,4,0,4,0,0,0,0.07411167512690356,0,0.07411167512690356
05/24/2025,1046,0,1046,389,146,0,146,5,0,5,1,0,1,0,0,0,0.14531548757170173,0,0.14531548757170173
05/25/2025,671,0,671,282,100,0,100,8,0,8,2,0,2,0,0,0,0.16393442622950818,0,0.16393442622950818
05/26/2025,1531,0,1531,762,89,0,89,44,0,44,2,0,2,1,0,1,0.08883082952318747,0,0.08883082952318747
05/27/2025,1268,0,1268,508,102,0,102,25,0,25,1,0,1,-1,0,-1,0.10015772870662461,0,0.10015772870662461
05/28/2025,2384,0,2384,1111,155,0,155,74,0,74,0,0,0,0,0,0,0.09605704697986577,0,0.09605704697986577
05/29/2025,1790,0,1790,767,248,0,248,44,0,44,0,0,0,0,0,0,0.16312849162011173,0,0.16312849162011173
05/30/2025,2331,0,2331,990,1158,0,1158,39,0,39,3,0,3,1,0,1,0.5152295152295152,0,0.5152295152295152
05/31/2025,814,0,814,305,219,0,219,17,0,17,0,0,0,0,0,0,0.28992628992628994,0,0.28992628992628994
06/01/2025,1336,0,1336,578,759,0,759,25,0,25,1,0,1,0,0,0,0.5875748502994012,0,0.5875748502994012
06/02/2025,2436,0,2436,910,612,0,612,38,0,38,1,0,1,0,0,0,0.2672413793103448,0,0.2672413793103448
06/03/2025,1552,0,1552,585,246,0,246,31,0,31,2,0,2,1,0,1,0.18041237113402062,0,0.18041237113402062
06/04/2025,1083,0,1083,487,164,0,164,47,0,47,5,0,5,1,0,1,0.20036934441366575,0,0.20036934441366575
06/05/2025,724,0,724,330,103,0,103,15,0,15,0,0,0,0,0,0,0.16298342541436464,0,0.16298342541436464
06/06/2025,1479,0,1479,880,105,0,105,8,0,8,1,0,1,0,0,0,0.07707910750507099,0,0.07707910750507099
06/07/2025,918,0,918,477,182,0,182,3,0,3,1,0,1,1,0,1,0.2037037037037037,0,0.2037037037037037
06/08/2025,878,0,878,396,158,0,158,10,0,10,0,0,0,0,0,0,0.19134396355353075,0,0.19134396355353075
06/09/2025,1627,0,1627,730,202,0,202,43,0,43,0,0,0,0,0,0,0.1505838967424708,0,0.1505838967424708
06/10/2025,987,0,987,427,162,0,162,16,0,16,1,0,1,0,0,0,0.18135764944275581,0,0.18135764944275581
06/11/2025,1331,0,1331,617,207,0,207,47,0,47,0,0,0,0,0,0,0.19083395942900075,0,0.19083395942900075
06/12/2025,2190,0,2190,964,229,0,229,96,0,96,0,0,0,0,0,0,0.14840182648401826,0,0.14840182648401826
06/13/2025,1891,0,1891,623,326,0,326,52,0,52,0,0,0,0,0,0,0.19989423585404548,0,0.19989423585404548
06/14/2025,625,0,625,275,62,0,62,11,0,11,0,0,0,0,0,0,0.1168,0,0.1168
06/15/2025,806,0,806,332,163,0,163,9,0,9,1,0,1,0,0,0,0.21464019851116625,0,0.21464019851116625
06/16/2025,1023,0,1023,343,131,0,131,11,0,11,0,0,0,0,0,0,0.13880742913000976,0,0.13880742913000976
06/17/2025,1872,0,1872,985,947,0,947,36,0,36,1,0,1,0,0,0,0.5256410256410257,0,0.5256410256410257
06/18/2025,1072,0,1072,481,487,0,487,11,0,11,0,0,0,0,0,0,0.46455223880597013,0,0.46455223880597013
06/19/2025,1141,0,1141,260,351,0,351,17,0,17,0,0,0,0,0,0,0.32252410166520595,0,0.32252410166520595
06/20/2025,1141,0,1141,394,206,0,206,16,0,16,2,0,2,0,0,0,0.19631901840490798,0,0.19631901840490798
06/21/2025,639,0,639,263,184,0,184,13,0,13,1,0,1,0,0,0,0.30985915492957744,0,0.30985915492957744
06/22/2025,516,0,516,210,60,0,60,1,0,1,0,0,0,0,0,0,0.1182170542635659,0,0.1182170542635659
06/23/2025,3211,0,3211,1215,1891,0,1891,64,0,64,1,0,1,0,0,0,0.6091560261600747,0,0.6091560261600747
06/24/2025,1081,0,1081,369,357,0,357,26,0,26,0,0,0,0,0,0,0.35430157261794637,0,0.35430157261794637
06/25/2025,931,0,931,301,92,0,92,16,0,16,0,0,0,0,0,0,0.11600429645542427,0,0.11600429645542427
06/26/2025,2212,0,2212,851,390,0,390,48,0,48,17,0,17,0,0,0,0.20569620253164558,0,0.20569620253164558
06/27/2025,1068,0,1068,343,326,0,326,14,0,14,1,0,1,0,0,0,0.3192883895131086,0,0.3192883895131086
06/28/2025,472,0,472,237,47,0,47,8,0,8,0,0,0,0,0,0,0.11652542372881355,0,0.11652542372881355
06/29/2025,632,0,632,228,157,0,157,3,0,3,0,0,0,0,0,0,0.25316455696202533,0,0.25316455696202533
06/30/2025,2853,0,2853,1041,2530,0,2530,74,0,74,1,0,1,2,0,2,0.9137749737118822,0,0.9137749737118822
07/01/2025,3133,0,3133,1185,3078,0,3078,54,0,54,2,0,2,0,0,0,1.000319182891797,0,1.000319182891797
07/02/2025,2662,0,2662,881,2306,0,2306,40,0,40,0,0,0,0,0,0,0.8812922614575507,0,0.8812922614575507
07/03/2025,1275,0,1275,463,770,0,770,20,0,20,2,0,2,0,0,0,0.6211764705882353,0,0.6211764705882353
07/04/2025,1451,0,1451,600,557,0,557,10,0,10,0,0,0,0,0,0,0.3907649896623019,0,0.3907649896623019
07/05/2025,1573,0,1573,456,707,0,707,5,0,5,0,0,0,-1,0,-1,0.45200254291163383,0,0.45200254291163383
07/06/2025,1776,0,1776,353,460,0,460,6,0,6,0,0,0,0,0,0,0.26238738738738737,0,0.26238738738738737
07/07/2025,1832,0,1832,695,341,0,341,48,0,48,1,0,1,0,0,0,0.212882096069869,0,0.212882096069869
07/08/2025,969,0,969,362,248,0,248,13,0,13,0,0,0,0,0,0,0.2693498452012384,0,0.2693498452012384
07/09/2025,3357,0,3357,1335,2313,0,2313,104,0,104,7,0,7,0,0,0,0.7220732797140303,0,0.7220732797140303
07/10/2025,2656,0,2656,911,1511,0,1511,58,0,58,6,0,6,0,0,0,0.5929969879518072,0,0.5929969879518072
07/11/2025,2320,0,2320,1032,665,0,665,27,0,27,0,0,0,0,0,0,0.2982758620689655,0,0.2982758620689655
07/12/2025,1249,0,1249,659,253,0,253,11,0,11,0,0,0,0,0,0,0.21136909527622097,0,0.21136909527622097
07/13/2025,895,0,895,460,318,0,318,5,0,5,0,0,0,0,0,0,0.36089385474860336,0,0.36089385474860336
07/14/2025,1162,0,1162,400,522,0,522,8,0,8,0,0,0,0,0,0,0.45611015490533563,0,0.45611015490533563
07/15/2025,1629,0,1629,708,293,0,293,46,0,46,0,0,0,1,0,1,0.2087170042971148,0,0.2087170042971148
07/16/2025,1244,0,1244,458,462,0,462,20,0,20,0,0,0,0,0,0,0.387459807073955,0,0.387459807073955
07/17/2025,1525,0,1525,323,717,0,717,15,0,15,0,0,0,0,0,0,0.48,0,0.48
07/18/2025,4172,0,4172,1588,2019,0,2019,91,0,91,7,0,7,3,0,3,0.5081495685522531,0,0.5081495685522531
07/19/2025,2121,0,2121,767,867,0,867,26,0,26,0,0,0,0,0,0,0.42102781706742104,0,0.42102781706742104
07/20/2025,1288,0,1288,453,429,0,429,17,0,17,0,0,0,1,0,1,0.3470496894409938,0,0.3470496894409938
07/21/2025,921,0,921,383,235,0,235,9,0,9,1,0,1,0,0,0,0.26601520086862107,0,0.26601520086862107
07/22/2025,1284,0,1284,354,426,0,426,7,0,7,0,0,0,0,0,0,0.3372274143302181,0,0.3372274143302181
07/23/2025,1965,0,1965,817,280,0,280,49,0,49,3,0,3,0,0,0,0.16895674300254454,0,0.16895674300254454
07/24/2025,1276,0,1276,411,324,0,324,16,0,16,6,0,6,0,0,0,0.2711598746081505,0,0.2711598746081505
07/25/2025,1286,0,1286,353,518,0,518,14,0,14,0,0,0,0,0,0,0.41368584758942456,0,0.41368584758942456
07/26/2025,681,0,681,251,269,0,269,4,0,4,1,0,1,0,0,0,0.4023494860499266,0,0.4023494860499266
07/27/2025,475,0,475,213,162,0,162,5,0,5,2,0,2,0,0,0,0.35578947368421054,0,0.35578947368421054
07/28/2025,3258,0,3258,1510,4186,0,4186,50,0,50,5,0,5,0,0,0,1.301718845917741,0,1.301718845917741
07/29/2025,1225,0,1225,493,1161,0,1161,16,0,16,0,0,0,0,0,0,0.9608163265306122,0,0.9608163265306122
07/30/2025,3276,0,3276,1380,1874,0,1874,73,0,73,2,0,2,1,0,1,0.5952380952380952,0,0.5952380952380952
07/31/2025,1383,0,1383,609,587,0,587,33,0,33,0,0,0,1,0,1,0.4490238611713666,0,0.4490238611713666
08/01/2025,1465,0,1465,547,1177,0,1177,28,0,28,0,0,0,0,0,0,0.8225255972696246,0,0.8225255972696246
08/02/2025,989,0,989,392,537,0,537,13,0,13,2,0,2,0,0,0,0.5581395348837209,0,0.5581395348837209
08/03/2025,625,0,625,259,278,0,278,9,0,9,0,0,0,0,0,0,0.4592,0,0.4592
08/04/2025,1582,0,1582,550,384,0,384,23,0,23,1,0,1,-1,0,-1,0.2572692793931732,0,0.2572692793931732
08/05/2025,950,0,950,261,206,0,206,18,0,18,3,0,3,0,0,0,0.23894736842105263,0,0.23894736842105263
08/06/2025,86,0,86,43,85,0,85,10,0,10,0,0,0,0,0,0,1.1046511627906976,0,1.1046511627906976
08/07/2025,195,0,195,87,118,0,118,7,0,7,0,0,0,0,0,0,0.6410256410256411,0,0.6410256410256411
08/08/2025,90,0,90,37,177,0,177,10,0,10,1,0,1,0,0,0,2.088888888888889,0,2.088888888888889
08/09/2025,627,0,627,162,152,0,152,4,0,4,4,0,4,0,0,0,0.2551834130781499,0,0.2551834130781499
08/10/2025,592,0,592,192,173,0,173,4,0,4,0,0,0,0,0,0,0.2989864864864865,0,0.2989864864864865
08/11/2025,656,0,656,163,98,0,98,3,0,3,5,0,5,0,0,0,0.16158536585365854,0,0.16158536585365854
08/12/2025,1320,0,1320,516,274,0,274,34,0,34,0,0,0,0,0,0,0.23333333333333334,0,0.23333333333333334
08/13/2025,2132,0,2132,705,1147,0,1147,32,0,32,3,0,3,1,0,1,0.5548780487804879,0,0.5548780487804879
08/14/2025,735,0,735,268,283,0,283,17,0,17,0,0,0,0,0,0,0.40816326530612246,0,0.40816326530612246
08/15/2025,2721,0,2721,721,1889,0,1889,108,0,108,2,0,2,0,0,0,0.7346563763322308,0,0.7346563763322308
08/16/2025,2242,0,2242,830,1132,0,1132,59,0,59,0,0,0,0,0,0,0.5312221231043711,0,0.5312221231043711
08/17/2025,1423,0,1423,558,673,0,673,27,0,27,0,0,0,0,0,0,0.49191848208011246,0,0.49191848208011246
08/18/2025,1719,0,1719,618,722,0,722,26,0,26,0,0,0,0,0,0,0.4351367073880163,0,0.4351367073880163
08/19/2025,1339,0,1339,379,365,0,365,17,0,17,0,0,0,0,0,0,0.2852875280059746,0,0.2852875280059746
08/20/2025,1295,0,1295,422,615,0,615,17,0,17,0,0,0,0,0,0,0.488030888030888,0,0.488030888030888
08/21/2025,1406,0,1406,456,439,0,439,24,0,24,0,0,0,0,0,0,0.32930298719772405,0,0.32930298719772405
08/22/2025,2110,0,2110,777,330,0,330,55,0,55,0,0,0,0,0,0,0.18246445497630331,0,0.18246445497630331
08/23/2025,796,0,796,307,270,0,270,17,0,17,0,0,0,0,0,0,0.36055276381909546,0,0.36055276381909546
08/24/2025,834,0,834,268,278,0,278,8,0,8,0,0,0,0,0,0,0.34292565947242204,0,0.34292565947242204
08/25/2025,1560,0,1560,607,163,0,163,30,0,30,1,0,1,0,0,0,0.12435897435897436,0,0.12435897435897436
08/26/2025,1823,0,1823,586,291,0,291,42,0,42,0,0,0,0,0,0,0.18266593527153044,0,0.18266593527153044
08/27/2025,3522,0,3522,1369,3764,0,3764,63,0,63,2,0,2,0,0,0,1.0871663827370812,0,1.0871663827370812
08/28/2025,2269,0,2269,961,1902,0,1902,38,0,38,0,0,0,0,0,0,0.8550022036139269,0,0.8550022036139269
08/29/2025,1789,0,1789,662,1134,0,1134,31,0,31,2,0,2,0,0,0,0.6523197316936836,0,0.6523197316936836
08/30/2025,968,0,968,360,593,0,593,15,0,15,0,0,0,0,0,0,0.628099173553719,0,0.628099173553719
08/31/2025,717,0,717,316,307,0,307,12,0,12,0,0,0,0,0,0,0.44490934449093444,0,0.44490934449093444
09/01/2025,1398,0,1398,505,918,0,918,34,0,34,0,0,0,0,0,0,0.6809728183118741,0,0.6809728183118741
09/02/2025,762,0,762,298,400,0,400,8,0,8,0,0,0,0,0,0,0.5354330708661418,0,0.5354330708661418
09/03/2025,1140,0,1140,443,446,0,446,13,0,13,0,0,0,0,0,0,0.4026315789473684,0,0.4026315789473684
09/04/2025,848,0,848,235,312,0,312,24,0,24,0,0,0,0,0,0,0.39622641509433965,0,0.39622641509433965
09/05/2025,1181,0,1181,389,327,0,327,23,0,23,0,0,0,0,0,0,0.29635901778154106,0,0.29635901778154106
09/06/2025,536,0,536,198,190,0,190,14,0,14,0,0,0,0,0,0,0.3805970149253731,0,0.3805970149253731
09/07/2025,700,0,700,174,201,0,201,6,0,6,0,0,0,0,0,0,0.2957142857142857,0,0.2957142857142857
09/08/2025,1853,0,1853,689,295,0,295,38,0,38,4,0,4,0,0,0,0.18186724230976795,0,0.18186724230976795
09/09/2025,831,0,831,295,292,0,292,12,0,12,2,0,2,0,0,0,0.36823104693140796,0,0.36823104693140796
09/10/2025,827,0,827,250,177,0,177,12,0,12,1,0,1,0,0,0,0.22974607013301088,0,0.22974607013301088
09/11/2025,674,0,674,220,202,0,202,6,0,6,0,0,0,0,0,0,0.3086053412462908,0,0.3086053412462908
09/12/2025,858,0,858,264,489,0,489,8,0,8,0,0,0,0,0,0,0.5792540792540792,0,0.5792540792540792
09/13/2025,757,0,757,251,361,0,361,5,0,5,0,0,0,0,0,0,0.48348745046235136,0,0.48348745046235136
09/14/2025,621,0,621,216,141,0,141,3,0,3,1,0,1,0,0,0,0.23349436392914655,0,0.23349436392914655
09/15/2025,1786,0,1786,841,1905,0,1905,42,0,42,1,0,1,0,0,0,1.0907054871220605,0,1.0907054871220605
09/16/2025,1229,0,1229,429,901,0,901,17,0,17,-1,0,-1,0,0,0,0.7461350691619203,0,0.7461350691619203
09/17/2025,614,0,614,245,376,0,376,8,0,8,0,0,0,0,0,0,0.6254071661237784,0,0.6254071661237784
09/18/2025,947,0,947,389,224,0,224,23,0,23,0,0,0,0,0,0,0.2608236536430834,0,0.2608236536430834
09/19/2025,522,0,522,194,161,0,161,7,0,7,0,0,0,0,0,0,0.3218390804597701,0,0.3218390804597701
09/20/2025,398,0,398,151,156,0,156,1,0,1,0,0,0,0,0,0,0.3944723618090452,0,0.3944723618090452
09/21/2025,541,0,541,143,201,0,201,4,0,4,0,0,0,0,0,0,0.3789279112754159,0,0.3789279112754159
09/22/2025,3068,0,3068,1395,924,0,924,50,0,50,0,0,0,1,0,1,0.3177966101694915,0,0.3177966101694915
09/23/2025,1480,0,1480,609,300,0,300,45,0,45,0,0,0,0,0,0,0.23310810810810811,0,0.23310810810810811
09/24/2025,1743,0,1743,623,344,0,344,29,0,29,0,0,0,1,0,1,0.21457257601835916,0,0.21457257601835916
09/25/2025,1107,0,1107,306,252,0,252,19,0,19,0,0,0,0,0,0,0.24480578139114725,0,0.24480578139114725
09/26/2025,845,0,845,392,140,0,140,16,0,16,0,0,0,1,0,1,0.18579881656804734,0,0.18579881656804734
09/27/2025,470,0,470,173,78,0,78,6,0,6,0,0,0,0,0,0,0.17872340425531916,0,0.17872340425531916
09/28/2025,385,0,385,164,94,0,94,3,0,3,0,0,0,0,0,0,0.2519480519480519,0,0.2519480519480519
09/29/2025,1169,0,1169,286,402,0,402,22,0,22,0,0,0,0,0,0,0.3627031650983747,0,0.3627031650983747
09/30/2025,1223,0,1223,509,256,0,256,31,0,31,2,0,2,0,0,0,0.23630417007358953,0,0.23630417007358953
10/01/2025,3078,0,3078,1237,6386,0,6386,90,0,90,0,0,0,1,0,1,2.104288499025341,0,2.104288499025341
10/02/2025,1411,0,1411,564,1948,0,1948,42,0,42,0,0,0,0,0,0,1.410347271438696,0,1.410347271438696
10/03/2025,542,0,542,275,399,0,399,3,0,3,0,0,0,0,0,0,0.7416974169741697,0,0.7416974169741697
10/04/2025,687,0,687,202,762,0,762,14,0,14,0,0,0,0,0,0,1.1295487627365357,0,1.1295487627365357
10/05/2025,557,0,557,174,557,0,557,3,0,3,0,0,0,0,0,0,1.0053859964093357,0,1.0053859964093357
10/06/2025,1400,0,1400,484,489,0,489,24,0,24,0,0,0,0,0,0,0.36642857142857144,0,0.36642857142857144
10/07/2025,2007,0,2007,773,371,0,371,34,0,34,0,0,0,1,0,1,0.20229197807673144,0,0.20229197807673144
10/08/2025,2072,0,2072,932,632,0,632,15,0,15,0,0,0,0,0,0,0.3122586872586873,0,0.3122586872586873
10/09/2025,735,0,735,316,267,0,267,11,0,11,0,0,0,0,0,0,0.3782312925170068,0,0.3782312925170068
10/10/2025,914,0,914,501,294,0,294,30,0,30,0,0,0,0,0,0,0.3544857768052516,0,0.3544857768052516
10/11/2025,503,0,503,207,189,0,189,8,0,8,0,0,0,0,0,0,0.39165009940357853,0,0.39165009940357853
10/12/2025,527,0,527,187,203,0,203,6,0,6,0,0,0,0,0,0,0.396584440227704,0,0.396584440227704
10/13/2025,1061,0,1061,389,258,0,258,33,0,33,0,0,0,0,0,0,0.27426955702167766,0,0.27426955702167766
10/14/2025,634,0,634,207,177,0,177,10,0,10,0,0,0,0,0,0,0.2949526813880126,0,0.2949526813880126
10/15/2025,1527,0,1527,780,556,0,556,21,0,21,0,0,0,0,0,0,0.37786509495743287,0,0.37786509495743287
10/16/2025,800,0,800,230,212,0,212,10,0,10,0,0,0,0,0,0,0.2775,0,0.2775
10/17/2025,598,0,598,142,14,0,14,3,0,3,0,0,0,0,0,0,0.028428093645484948,0,0.028428093645484948
10/18/2025,476,0,476,118,5,0,5,2,0,2,0,0,0,0,0,0,0.014705882352941176,0,0.014705882352941176
10/19/2025,609,0,609,121,27,0,27,1,0,1,0,0,0,0,0,0,0.04597701149425287,0,0.04597701149425287
10/20/2025,2921,0,2921,947,300,0,300,86,0,86,0,0,0,0,0,0,0.13214652516261555,0,0.13214652516261555
10/21/2025,1256,0,1256,509,226,0,226,26,0,26,0,0,0,1,0,1,0.2014331210191083,0,0.2014331210191083
10/22/2025,1872,0,1872,575,162,0,162,55,0,55,3,0,3,0,0,0,0.11752136752136752,0,0.11752136752136752
10/23/2025,1059,0,1059,413,91,0,91,45,0,45,1,0,1,0,0,0,0.12936732766761094,0,0.12936732766761094
10/24/2025,991,0,991,427,84,0,84,30,0,30,2,0,2,1,0,1,0.11806256306760847,0,0.11806256306760847
10/25/2025,558,0,558,234,35,0,35,8,0,8,0,0,0,0,0,0,0.07706093189964158,0,0.07706093189964158
10/26/2025,582,0,582,216,73,0,73,6,0,6,0,0,0,0,0,0,0.13573883161512026,0,0.13573883161512026
10/27/2025,632,0,632,213,33,0,33,15,0,15,0,0,0,0,0,0,0.0759493670886076,0,0.0759493670886076
10/28/2025,654,0,654,191,90,0,90,6,0,6,0,0,0,0,0,0,0.14678899082568808,0,0.14678899082568808
10/29/2025,1914,0,1914,820,728,0,728,29,0,29,1,0,1,0,0,0,0.3960292580982236,0,0.3960292580982236
10/30/2025,960,0,960,288,163,0,163,10,0,10,0,0,0,0,0,0,0.18020833333333333,0,0.18020833333333333
10/31/2025,1833,0,1833,612,68,0,68,38,0,38,0,0,0,0,0,0,0.05782869612656847,0,0.05782869612656847
11/01/2025,818,0,818,354,160,0,160,12,0,12,0,0,0,0,0,0,0.21026894865525672,0,0.21026894865525672
11/02/2025,531,0,531,225,68,0,68,5,0,5,0,0,0,0,0,0,0.1374764595103578,0,0.1374764595103578
11/03/2025,2035,0,2035,827,128,0,128,7,0,7,0,0,0,0,0,0,0.06633906633906633,0,0.06633906633906633
11/04/2025,805,0,805,216,59,0,59,8,0,8,1,0,1,0,0,0,0.084472049689441,0,0.084472049689441
11/05/2025,853,0,853,267,84,0,84,15,0,15,0,0,0,0,0,0,0.1160609613130129,0,0.1160609613130129
11/06/2025,617,0,617,247,189,0,189,7,0,7,0,0,0,0,0,0,0.31766612641815234,0,0.31766612641815234
11/07/2025,624,0,624,209,196,0,196,9,0,9,0,0,0,0,0,0,0.328525641025641,0,0.328525641025641
11/08/2025,460,0,460,146,30,0,30,2,0,2,0,0,0,0,0,0,0.06956521739130435,0,0.06956521739130435
11/09/2025,324,0,324,151,20,0,20,3,0,3,1,0,1,0,0,0,0.07407407407407407,0,0.07407407407407407
11/10/2025,608,0,608,158,25,0,25,1,0,1,0,0,0,0,0,0,0.04276315789473684,0,0.04276315789473684
11/11/2025,2817,0,2817,1151,159,0,159,64,0,64,2,0,2,1,0,1,0.08022719204827831,0,0.08022719204827831
11/12/2025,947,0,947,330,100,0,100,13,0,13,0,0,0,0,0,0,0.11932418162618796,0,0.11932418162618796
11/13/2025,1743,0,1743,595,107,0,107,30,0,30,0,0,0,0,0,0,0.07860011474469306,0,0.07860011474469306
11/14/2025,2323,0,2323,707,80,0,80,43,0,43,0,0,0,0,0,0,0.052948773138183386,0,0.052948773138183386
11/15/2025,921,0,921,294,108,0,108,16,0,16,0,0,0,0,0,0,0.13463626492942454,0,0.13463626492942454
11/16/2025,580,0,580,195,66,0,66,5,0,5,0,0,0,0,0,0,0.12241379310344827,0,0.12241379310344827
11/17/2025,729,0,729,209,255,0,255,16,0,16,0,0,0,0,0,0,0.3717421124828532,0,0.3717421124828532
11/18/2025,709,0,709,166,271,0,271,3,0,3,0,0,0,0,0,0,0.38645980253878703,0,0.38645980253878703
11/19/2025,549,0,549,213,169,0,169,5,0,5,0,0,0,0,0,0,0.31693989071038253,0,0.31693989071038253
11/20/2025,1426,0,1426,505,392,0,392,26,0,26,0,0,0,1,0,1,0.2938288920056101,0,0.2938288920056101
11/21/2025,2326,0,2326,639,739,0,739,74,0,74,0,0,0,0,0,0,0.34952708512467756,0,0.34952708512467756
11/22/2025,1059,0,1059,289,358,0,358,24,0,24,0,0,0,0,0,0,0.3607176581680831,0,0.3607176581680831
11/23/2025,623,0,623,224,152,0,152,10,0,10,0,0,0,0,0,0,0.26003210272873195,0,0.26003210272873195
11/24/2025,3365,0,3365,1249,829,0,829,70,0,70,1,0,1,0,0,0,0.2674591381872214,0,0.2674591381872214
11/25/2025,2049,0,2049,712,675,0,675,49,0,49,1,0,1,0,0,0,0.3538311371400683,0,0.3538311371400683
11/26/2025,894,0,894,341,331,0,331,18,0,18,0,0,0,0,0,0,0.39038031319910516,0,0.39038031319910516
11/27/2025,1890,0,1890,646,534,0,534,56,0,56,0,0,0,0,0,0,0.31216931216931215,0,0.31216931216931215
11/28/2025,2664,0,2664,1043,2369,0,2369,67,0,67,6,0,6,1,0,1,0.9170420420420421,0,0.9170420420420421
11/29/2025,1263,0,1263,384,905,0,905,27,0,27,0,0,0,0,0,0,0.7379255740300871,0,0.7379255740300871
11/30/2025,754,0,754,269,414,0,414,14,0,14,0,0,0,0,0,0,0.5676392572944297,0,0.5676392572944297
12/01/2025,1540,0,1540,608,808,0,808,21,0,21,0,0,0,0,0,0,0.5383116883116883,0,0.5383116883116883
12/02/2025,729,0,729,282,373,0,373,11,0,11,0,0,0,0,0,0,0.5267489711934157,0,0.5267489711934157
12/03/2025,699,0,699,206,267,0,267,8,0,8,0,0,0,0,0,0,0.39341917024320455,0,0.39341917024320455
12/04/2025,787,0,787,183,184,0,184,7,0,7,0,0,0,0,0,0,0.24269377382465057,0,0.24269377382465057
12/05/2025,395,0,395,124,114,0,114,5,0,5,0,0,0,0,0,0,0.3012658227848101,0,0.3012658227848101
12/06/2025,283,0,283,112,144,0,144,3,0,3,0,0,0,0,0,0,0.519434628975265,0,0.519434628975265
12/07/2025,390,0,390,130,284,0,284,5,0,5,0,0,0,0,0,0,0.7410256410256411,0,0.7410256410256411
12/08/2025,519,0,519,148,215,0,215,5,0,5,0,0,0,0,0,0,0.4238921001926782,0,0.4238921001926782
12/09/2025,840,0,840,140,234,0,234,5,0,5,0,0,0,0,0,0,0.2845238095238095,0,0.2845238095238095
12/10/2025,571,0,571,225,149,0,149,7,0,7,0,0,0,1,0,1,0.27495621716287216,0,0.27495621716287216
12/11/2025,1190,0,1190,388,387,0,387,24,0,24,0,0,0,0,0,0,0.3453781512605042,0,0.3453781512605042
12/12/2025,1336,0,1336,417,371,0,371,28,0,28,0,0,0,0,0,0,0.2986526946107784,0,0.2986526946107784
12/13/2025,965,0,965,342,265,0,265,17,0,17,0,0,0,0,0,0,0.2922279792746114,0,0.2922279792746114
12/14/2025,625,0,625,268,239,0,239,10,0,10,0,0,0,0,0,0,0.3984,0,0.3984
12/15/2025,1439,0,1439,424,835,0,835,19,0,19,1,0,1,2,0,2,0.595552466990966,0,0.595552466990966
12/16/2025,1626,0,1626,489,834,0,834,40,0,40,0,0,0,1,0,1,0.5381303813038131,0,0.5381303813038131
12/17/2025,1540,0,1540,393,856,0,856,22,0,22,0,0,0,1,0,1,0.5707792207792208,0,0.5707792207792208
12/18/2025,1714,0,1714,439,1236,0,1236,29,0,29,0,0,0,0,0,0,0.7380396732788798,0,0.7380396732788798
12/19/2025,1181,0,1181,341,1122,0,1122,18,0,18,0,0,0,0,0,0,0.9652836579170194,0,0.9652836579170194
12/20/2025,517,0,517,187,467,0,467,3,0,3,0,0,0,0,0,0,0.9090909090909091,0,0.9090909090909091
