Date,Overview page views (desktop),Overview page views (mobile),Overview page views (total),Overview unique visitors (desktop),Overview unique visitors (mobile),Overview unique visitors (total),Life page views (desktop),Life page views (mobile),Life page views (total),Life unique visitors (desktop),Life unique visitors (mobile),Life unique visitors (total),Jobs page views (desktop),Jobs page views (mobile),Jobs page views (total),Jobs unique visitors (desktop),Jobs unique visitors (mobile),Jobs unique visitors (total),Total page views (desktop),Total page views (mobile),Total page views (total),Total unique visitors (desktop),Total unique visitors (mobile),Total unique visitors (total)
12/21/2024,41,54,95,14,30,44,0,0,0,0,0,0,1,16,17,1,13,14,61,106,167,14,32,46
12/22/2024,30,17,47,10,12,22,0,0,0,0,0,0,4,10,14,3,8,11,49,57,106,10,16,25
12/23/2024,55,51,106,27,32,58,0,0,0,0,0,0,5,19,24,5,14,19,85,135,220,27,37,63
12/24/2024,56,53,109,25,28,52,0,0,0,0,0,0,9,20,29,7,14,21,103,122,225,26,33,58
12/25/2024,12,42,54,8,18,26,0,0,0,0,0,0,1,8,9,1,6,7,20,82,102,8,23,31
12/26/2024,43,55,98,13,31,44,0,0,0,0,0,0,6,23,29,5,19,24,53,144,197,13,36,49
12/27/2024,38,74,112,20,36,55,0,0,0,0,0,0,3,18,21,3,13,16,71,143,214,20,39,58
12/28/2024,67,60,127,24,30,53,0,0,0,0,0,0,7,13,20,2,9,11,123,127,250,24,33,56
12/29/2024,13,36,49,10,17,27,0,0,0,0,0,0,0,14,14,0,10,10,47,67,114,10,20,30
12/30/2024,28,29,57,18,17,34,0,0,0,0,0,0,5,10,15,5,6,11,85,60,145,18,23,40
12/31/2024,17,26,43,12,10,22,0,0,0,0,0,0,3,5,8,3,4,7,31,51,82,12,12,24
01/01/2025,12,32,44,9,19,28,0,0,0,0,0,0,1,14,15,1,10,11,24,76,100,9,19,28
01/02/2025,46,25,71,21,18,39,0,0,0,0,0,0,8,13,21,6,10,16,94,65,159,21,21,41
01/03/2025,45,54,99,18,34,52,0,0,0,0,0,0,0,14,14,0,9,9,61,102,163,18,38,56
01/04/2025,33,30,63,15,19,34,0,0,0,0,0,0,5,16,21,2,11,13,44,84,128,15,23,38
01/05/2025,14,20,34,5,17,22,0,0,0,0,0,0,4,8,12,3,8,11,21,52,73,5,21,25
01/06/2025,39,40,79,22,24,46,0,0,0,0,0,0,5,12,17,3,9,12,82,86,168,23,27,50
01/07/2025,83,59,142,33,34,67,0,0,0,0,0,0,9,41,50,9,32,41,132,187,319,34,57,91
01/08/2025,62,58,120,32,30,61,0,0,0,0,0,0,7,12,19,6,11,17,117,125,242,32,38,69
01/09/2025,114,83,197,49,48,95,0,0,0,0,0,0,11,17,28,11,14,25,202,172,374,51,53,102
01/10/2025,42,59,101,27,35,58,0,0,0,0,0,0,7,20,27,3,13,16,80,150,230,28,39,61
01/11/2025,32,76,108,12,31,42,0,0,0,0,0,0,1,20,21,1,16,17,48,158,206,12,34,45
01/12/2025,23,23,46,6,15,21,0,0,0,0,0,0,2,10,12,2,9,10,36,53,89,7,18,24
01/13/2025,69,66,135,43,51,92,0,0,0,0,0,0,7,36,43,7,27,34,120,193,313,43,59,100
01/14/2025,52,32,84,26,21,45,0,0,0,0,0,0,7,25,32,7,15,22,93,115,208,28,26,52
01/15/2025,69,44,113,33,26,57,0,0,0,0,0,0,10,15,25,9,11,20,151,108,259,35,30,63
01/16/2025,61,82,143,39,36,75,0,0,0,0,0,0,15,20,35,10,16,26,108,200,308,39,45,82
01/17/2025,34,41,75,23,28,50,0,0,0,0,0,0,4,9,13,4,8,12,65,91,156,25,37,61
01/18/2025,10,22,32,9,14,23,0,0,0,0,0,0,2,4,6,2,3,5,24,44,68,9,17,26
01/19/2025,29,15,44,8,11,18,0,0,0,0,0,0,3,11,14,3,7,10,61,40,101,11,14,24
01/20/2025,63,55,118,27,35,62,0,0,0,0,0,0,7,18,25,5,15,19,110,123,233,29,43,71
01/21/2025,54,54,108,34,28,62,0,0,0,0,0,0,10,37,47,8,19,27,147,154,301,37,36,72
01/22/2025,84,166,250,38,104,140,0,0,0,0,0,0,7,36,43,6,28,34,129,314,443,39,111,147
01/23/2025,66,61,127,35,40,75,0,0,0,0,0,0,10,22,32,8,20,28,124,165,289,38,51,88
01/24/2025,36,64,100,29,44,71,0,0,0,0,0,0,6,35,41,5,25,30,66,154,220,30,52,80
01/25/2025,21,48,69,16,32,48,0,0,0,0,0,0,3,14,17,2,13,15,45,96,141,17,38,55
01/26/2025,43,44,87,20,30,50,0,0,0,0,0,0,7,17,24,7,16,23,58,106,164,20,45,65
01/27/2025,45,34,79,27,26,53,0,0,0,0,0,0,6,17,23,5,14,19,85,85,170,29,31,60
01/28/2025,90,92,182,42,45,86,0,0,0,0,0,0,13,20,33,12,15,27,156,160,316,42,53,94
01/29/2025,63,50,113,33,34,64,0,0,0,0,0,0,3,17,20,3,13,15,120,110,230,33,38,68
01/30/2025,65,64,129,34,37,70,0,0,0,0,0,0,5,24,29,4,19,23,126,145,271,36,48,83
01/31/2025,38,59,97,27,34,60,0,0,0,0,0,0,7,19,26,6,16,22,79,145,224,28,43,70
02/01/2025,35,33,68,8,19,26,0,0,0,0,0,0,0,10,10,0,7,7,43,78,121,9,29,37
02/02/2025,37,18,55,9,12,21,0,0,0,0,0,0,4,8,12,3,8,11,53,41,94,9,17,26
02/03/2025,68,51,119,28,28,56,0,0,0,0,0,0,2,10,12,2,7,9,95,93,188,29,36,65
02/04/2025,89,61,150,38,39,77,0,0,0,0,0,0,10,36,46,8,17,25,130,163,293,38,43,81
02/05/2025,28,40,68,15,29,44,0,0,0,0,0,0,4,12,16,4,11,15,44,87,131,16,36,51
02/06/2025,84,88,172,44,54,98,0,0,0,0,0,0,17,43,60,13,27,40,136,192,328,45,62,107
02/07/2025,49,84,133,32,58,89,0,0,0,0,0,0,6,33,39,6,23,29,102,187,289,33,65,97
02/08/2025,25,36,61,11,25,35,0,0,0,0,0,0,2,12,14,2,9,11,38,59,97,11,28,38
02/09/2025,18,69,87,15,38,53,0,0,0,0,0,0,4,10,14,4,9,13,37,111,148,15,41,56
02/10/2025,57,72,129,39,38,76,0,0,0,0,0,0,2,24,26,2,20,22,108,153,261,39,46,84
02/11/2025,38,82,120,27,45,72,0,0,0,0,0,0,4,30,34,4,19,23,87,176,263,28,49,77
02/12/2025,63,47,110,40,32,71,0,0,0,0,0,0,4,15,19,3,13,16,102,120,222,40,40,79
02/13/2025,49,86,135,39,61,100,0,0,0,0,0,0,6,32,38,6,24,30,94,202,296,40,72,112
02/14/2025,73,90,163,36,59,94,0,0,0,0,0,0,4,40,44,3,26,29,119,209,328,37,64,100
02/15/2025,19,58,77,10,37,47,0,0,0,0,0,0,1,13,14,1,11,12,29,112,141,10,40,50
02/16/2025,8,40,48,5,29,34,0,0,0,0,0,0,2,10,12,2,9,11,17,74,91,5,34,39
02/17/2025,65,57,122,29,39,68,0,0,0,0,0,0,7,28,35,6,23,29,103,145,248,30,48,78
02/18/2025,45,62,107,31,32,63,0,0,0,0,0,0,10,24,34,7,19,26,104,140,244,33,41,73
02/19/2025,56,44,100,40,31,71,0,0,0,0,0,0,7,18,25,7,17,24,147,116,263,40,39,79
02/20/2025,46,42,88,32,33,65,0,0,0,0,0,0,4,22,26,3,14,17,94,129,223,33,38,70
02/21/2025,27,51,78,19,33,52,0,0,0,0,0,0,5,13,18,5,13,18,63,96,159,21,39,59
02/22/2025,13,44,57,9,28,37,0,0,0,0,0,0,3,15,18,1,13,14,18,80,98,10,31,41
02/23/2025,11,34,45,6,21,26,0,0,0,0,0,0,6,15,21,2,8,10,29,77,106,6,24,29
02/24/2025,61,42,103,39,30,69,0,0,0,0,0,0,10,13,23,6,12,18,126,102,228,42,35,76
02/25/2025,43,61,104,30,46,75,0,0,0,0,0,0,8,25,33,7,23,29,81,131,212,32,51,81
02/26/2025,61,54,115,42,35,77,0,0,0,0,0,0,15,28,43,11,21,32,120,135,255,43,47,90
02/27/2025,83,93,176,49,56,104,0,0,0,0,0,0,9,28,37,8,22,30,135,209,344,50,62,111
02/28/2025,51,41,92,28,26,53,0,0,0,0,0,0,10,20,30,8,12,20,88,109,197,29,31,59
03/01/2025,18,30,48,14,16,30,0,0,0,0,0,0,4,7,11,4,5,9,27,62,89,14,20,34
03/02/2025,10,55,65,7,29,36,0,0,0,0,0,0,3,9,12,3,8,11,25,89,114,7,32,39
03/03/2025,56,63,119,32,35,67,0,0,0,0,0,0,10,13,23,8,9,17,131,116,247,36,36,72
03/04/2025,58,36,94,36,26,62,0,0,0,0,0,0,9,15,24,9,14,23,100,77,177,37,33,69
03/05/2025,49,35,84,28,21,49,0,0,0,0,0,0,8,21,29,7,14,21,88,92,180,29,26,55
03/06/2025,43,50,93,25,31,56,0,0,0,0,0,0,4,23,27,4,16,20,68,129,197,25,34,58
03/07/2025,20,53,73,16,30,46,0,0,0,0,0,0,4,23,27,4,12,16,54,132,186,20,33,53
03/08/2025,43,69,112,14,48,62,0,0,0,0,0,0,2,33,35,2,28,30,58,177,235,14,60,74
03/09/2025,10,59,69,8,37,45,0,0,0,0,0,0,2,25,27,2,21,23,18,133,151,8,45,53
03/10/2025,55,30,85,35,17,52,0,0,0,0,0,0,14,9,23,10,9,19,120,68,188,39,25,62
03/11/2025,46,108,154,34,71,105,0,0,0,0,0,0,7,44,51,6,27,33,93,226,319,36,80,115
03/12/2025,39,70,109,26,52,78,0,0,0,0,0,0,9,33,42,8,23,31,74,153,227,30,61,91
03/13/2025,29,70,99,22,45,67,0,0,0,0,0,0,11,27,38,10,23,33,62,145,207,25,58,82
03/14/2025,49,51,100,19,30,49,0,0,0,0,0,0,8,25,33,8,22,30,65,119,184,19,51,70
03/15/2025,15,22,37,8,14,22,0,0,0,0,0,0,2,18,20,2,13,15,23,56,79,8,26,34
03/16/2025,25,53,78,9,28,37,0,0,0,0,0,0,4,15,19,2,13,15,32,101,133,9,34,43
03/17/2025,51,125,176,27,87,114,0,0,0,0,0,0,11,50,61,9,39,48,89,271,360,28,98,125
03/18/2025,65,75,140,38,42,80,0,0,0,0,0,0,13,30,43,10,24,34,104,170,274,38,53,91
03/19/2025,63,46,109,38,33,71,0,0,0,0,0,0,8,21,29,7,15,22,119,117,236,42,42,84
03/20/2025,74,82,156,46,52,97,0,0,0,0,0,0,19,33,52,17,26,42,140,162,302,48,63,110
03/21/2025,52,67,119,33,37,69,0,0,0,0,0,0,11,24,35,11,21,31,90,156,246,33,46,77
03/22/2025,12,40,52,10,28,38,0,0,0,0,0,0,1,24,25,1,13,14,18,98,116,10,33,43
03/23/2025,10,16,26,7,15,22,0,0,0,0,0,0,3,14,17,2,7,9,20,40,60,7,22,29
03/24/2025,54,72,126,38,37,74,0,0,0,0,0,0,7,22,29,6,20,26,96,152,248,38,40,77
03/25/2025,48,71,119,30,44,73,0,0,0,0,0,0,4,33,37,4,25,29,91,162,253,32,54,85
03/26/2025,54,48,102,36,30,66,0,0,0,0,0,0,12,35,47,9,20,28,107,140,247,36,43,77
03/27/2025,34,33,67,26,29,54,0,0,0,0,0,0,8,32,40,8,24,32,62,106,168,28,43,70
03/28/2025,46,53,99,27,36,63,0,0,0,0,0,0,7,22,29,6,15,21,89,109,198,27,43,70
03/29/2025,8,20,28,7,17,24,0,0,0,0,0,0,2,9,11,1,7,8,11,42,53,7,21,28
03/30/2025,16,31,47,7,22,29,0,0,0,0,0,0,1,7,8,1,6,7,20,52,72,7,25,32
03/31/2025,32,43,75,20,32,51,0,0,0,0,0,0,8,22,30,5,17,22,58,89,147,21,40,60
04/01/2025,38,38,76,29,31,60,0,0,0,0,0,0,8,18,26,8,13,21,84,84,168,30,43,73
04/02/2025,38,62,100,26,43,68,0,0,0,0,0,0,15,37,52,10,19,29,97,171,268,27,53,79
04/03/2025,37,61,98,27,37,64,0,0,0,0,0,0,9,33,42,7,18,25,77,135,212,28,50,77
04/04/2025,38,31,69,20,22,42,0,0,0,0,0,0,10,21,31,9,16,25,65,83,148,21,29,50
04/05/2025,17,42,59,10,26,36,0,0,0,0,0,0,3,18,21,3,11,14,30,97,127,10,29,39
04/06/2025,15,28,43,9,21,29,0,0,0,0,0,0,1,10,11,1,8,9,27,72,99,9,27,35
04/07/2025,59,70,129,32,43,75,0,0,0,0,0,0,6,22,28,6,19,25,88,134,222,32,46,78
04/08/2025,66,81,147,44,52,95,0,0,0,0,0,0,20,33,53,16,28,44,121,176,297,44,64,106
04/09/2025,86,70,156,43,35,78,0,0,0,0,0,0,7,23,30,6,19,25,156,144,300,43,40,83
04/10/2025,50,76,126,32,56,87,0,0,0,0,0,0,6,45,51,6,30,35,91,173,264,34,64,97
04/11/2025,115,74,189,36,42,76,0,0,0,0,0,0,6,28,34,6,20,26,151,157,308,36,50,83
04/12/2025,24,22,46,12,16,28,0,0,0,0,0,0,6,11,17,5,9,14,37,49,86,12,22,34
04/13/2025,14,32,46,8,24,32,0,0,0,0,0,0,2,12,14,2,11,13,26,69,95,9,26,35
04/14/2025,55,55,110,33,34,67,0,0,0,0,0,0,7,25,32,6,24,30,98,125,223,34,47,81
04/15/2025,56,71,127,42,39,80,0,0,0,0,0,0,12,24,36,10,19,29,122,141,263,43,50,91
04/16/2025,71,60,131,48,38,86,0,0,0,0,0,0,15,27,42,13,18,31,162,130,292,49,46,95
04/17/2025,69,73,142,40,46,85,0,0,0,0,0,0,12,28,40,8,18,26,131,167,298,40,59,98
04/18/2025,39,57,96,27,36,63,0,0,0,0,0,0,11,24,35,7,23,30,71,129,200,28,45,72
04/19/2025,17,44,61,13,29,42,0,0,0,0,0,0,3,18,21,3,13,16,23,84,107,14,31,45
04/20/2025,8,26,34,7,22,29,0,0,0,0,0,0,1,16,17,1,12,13,11,88,99,7,29,36
04/21/2025,82,49,131,29,26,53,0,0,0,0,0,0,8,9,17,7,9,16,111,85,196,29,28,55
04/22/2025,38,50,88,27,31,57,0,0,0,0,0,0,4,17,21,3,14,17,79,108,187,30,33,62
04/23/2025,36,54,90,28,27,51,0,0,0,0,0,0,1,19,20,1,16,17,81,140,221,30,36,62
04/24/2025,78,67,145,32,32,62,0,0,0,0,0,0,4,29,33,4,18,22,113,167,280,36,36,70
04/25/2025,37,62,99,27,34,59,0,0,0,0,0,0,4,23,27,4,15,19,62,147,209,28,40,65
04/26/2025,24,55,79,15,34,49,0,0,0,0,0,0,8,39,47,5,25,30,38,142,180,15,45,60
04/27/2025,13,49,62,4,28,32,0,0,0,0,0,0,0,27,27,0,14,14,16,110,126,4,34,38
04/28/2025,57,89,146,43,50,90,0,0,0,0,0,0,4,38,42,4,26,30,118,195,313,47,62,105
04/29/2025,66,75,141,36,41,75,0,0,0,0,0,0,10,25,35,9,20,28,114,149,263,37,47,82
04/30/2025,74,67,141,38,47,85,0,0,0,0,0,0,18,37,55,15,27,42,118,173,291,38,65,103
05/01/2025,42,68,110,31,42,72,0,0,0,0,0,0,9,23,32,9,18,27,65,128,193,31,52,82
05/02/2025,29,47,76,17,31,47,0,0,0,0,0,0,6,17,23,5,13,18,65,110,175,19,37,55
05/03/2025,30,27,57,17,20,37,0,0,0,0,0,0,5,22,27,4,17,21,55,73,128,18,27,45
05/04/2025,18,30,48,11,22,32,0,0,0,0,0,0,4,8,12,4,8,12,35,45,80,13,24,36
05/05/2025,35,33,68,22,19,41,0,0,0,0,0,0,9,11,20,8,9,17,54,69,123,23,25,48
05/06/2025,46,88,134,35,55,90,0,0,0,0,0,0,12,33,45,10,22,32,92,196,288,37,60,97
05/07/2025,65,73,138,54,45,98,0,0,0,0,0,0,12,28,40,10,26,36,134,148,282,55,60,114
05/08/2025,34,69,103,27,32,58,0,0,0,0,0,0,4,24,28,4,21,25,63,133,196,28,36,63
05/09/2025,51,44,95,28,25,52,0,0,0,0,0,0,10,13,23,6,13,19,89,91,180,29,28,56
05/10/2025,17,37,54,10,23,33,0,0,0,0,0,0,5,19,24,4,16,20,29,78,107,11,31,42
05/11/2025,10,24,34,5,15,20,0,0,0,0,0,0,4,9,13,3,9,12,16,55,71,5,15,20
05/12/2025,47,69,116,31,53,82,0,0,0,0,0,0,9,25,34,8,23,31,99,138,237,32,62,92
05/13/2025,57,49,106,37,36,73,0,0,0,0,0,0,11,29,40,11,19,30,99,117,216,37,42,79
05/14/2025,61,32,93,30,21,50,0,0,0,0,0,0,5,22,27,5,15,20,97,94,191,30,35,64
05/15/2025,44,52,96,29,40,69,0,0,0,0,0,0,10,11,21,8,10,18,94,114,208,29,47,76
05/16/2025,39,81,120,23,49,72,0,0,0,0,0,0,5,55,60,5,34,39,63,201,264,23,58,81
05/17/2025,13,48,61,8,32,40,0,0,0,0,0,0,1,30,31,1,21,22,27,128,155,8,40,47
05/18/2025,9,51,60,6,36,42,0,0,0,0,0,0,1,22,23,1,20,21,15,101,116,6,42,47
05/19/2025,50,57,107,31,34,65,0,0,0,0,0,0,8,18,26,6,15,21,98,148,246,32,42,73
05/20/2025,62,121,183,41,103,144,0,0,0,0,0,0,17,57,74,11,41,52,128,260,388,42,114,155
05/21/2025,111,262,373,68,197,263,0,0,0,0,0,0,17,85,102,12,70,82,198,525,723,70,213,280
05/22/2025,102,128,230,43,82,123,0,0,0,0,0,0,13,59,72,11,38,49,147,311,458,44,90,132
05/23/2025,83,154,237,42,117,154,0,0,0,0,0,0,7,52,59,4,36,40,136,316,452,43,128,166
05/24/2025,38,107,145,13,69,82,0,0,0,0,0,0,4,31,35,4,25,28,71,181,252,13,75,87
05/25/2025,21,73,94,12,50,62,0,0,0,0,0,0,4,20,24,3,18,21,29,136,165,12,57,69
05/26/2025,44,83,127,29,60,87,0,0,0,0,0,0,7,43,50,6,29,34,82,226,308,29,66,93
05/27/2025,56,52,108,25,37,62,0,0,0,0,0,0,8,23,31,5,18,23,91,135,226,26,43,69
05/28/2025,58,117,175,38,59,96,0,0,0,0,0,0,5,34,39,5,25,30,110,241,351,38,70,107
05/29/2025,42,89,131,27,44,70,0,0,0,0,0,0,6,28,34,6,21,27,67,156,223,27,54,80
05/30/2025,52,58,110,24,34,57,0,0,0,0,0,0,2,28,30,2,20,22,79,148,227,26,43,68
05/31/2025,16,29,45,12,23,35,0,0,0,0,0,0,3,8,11,3,8,11,22,53,75,13,26,39
06/01/2025,15,26,41,11,17,27,0,0,0,0,0,0,3,9,12,3,8,10,36,66,102,11,26,36
06/02/2025,58,91,149,36,62,98,0,0,0,0,0,0,5,35,40,4,26,30,87,189,276,36,79,114
06/03/2025,38,83,121,20,65,85,0,0,0,0,0,0,4,30,34,3,25,28,82,184,266,20,77,97
06/04/2025,64,33,97,35,25,58,0,0,0,0,0,0,5,19,24,5,13,18,113,84,197,35,33,66
06/05/2025,48,78,126,34,49,82,0,0,0,0,0,0,11,28,39,9,22,31,95,155,250,36,57,92
06/06/2025,24,50,74,16,33,49,0,0,0,0,0,0,2,14,16,2,14,16,32,108,140,16,37,53
06/07/2025,9,16,25,4,14,18,0,0,0,0,0,0,2,10,12,2,8,10,14,36,50,5,18,23
06/08/2025,38,42,80,17,34,51,0,0,0,0,0,0,3,21,24,3,18,21,61,118,179,18,40,58
06/09/2025,57,64,121,42,44,85,0,0,0,0,0,0,4,17,21,4,10,14,86,124,210,42,50,91
06/10/2025,52,37,89,38,31,68,0,0,0,0,0,0,7,11,18,5,10,15,109,62,171,39,38,76
06/11/2025,40,65,105,23,35,58,0,0,0,0,0,0,6,30,36,6,23,29,77,134,211,24,43,67
06/12/2025,34,65,99,23,31,54,0,0,0,0,0,0,5,14,19,4,11,15,82,138,220,23,39,62
06/13/2025,54,62,116,33,34,67,0,0,0,0,0,0,5,26,31,5,13,18,91,124,215,33,42,74
06/14/2025,7,17,24,6,16,22,0,0,0,0,0,0,0,11,11,0,11,11,14,42,56,6,22,28
06/15/2025,13,28,41,9,17,26,0,0,0,0,0,0,2,9,11,2,7,9,19,60,79,9,24,33
06/16/2025,67,42,109,34,34,67,0,0,0,0,0,0,9,20,29,8,15,23,114,85,199,34,40,71
06/17/2025,47,36,83,21,26,47,0,0,0,0,0,0,4,10,14,4,9,13,85,74,159,21,36,56
06/18/2025,29,52,81,19,28,46,0,0,0,0,0,0,4,14,18,3,13,16,59,100,159,19,32,50
06/19/2025,79,64,143,42,33,73,0,0,0,0,0,0,7,28,35,6,20,25,119,143,262,42,42,81
06/20/2025,42,33,75,26,22,48,0,0,0,0,0,0,3,15,18,3,10,13,63,72,135,26,28,54
06/21/2025,14,30,44,9,28,37,0,0,0,0,0,0,3,10,13,2,6,8,24,60,84,9,33,42
06/22/2025,18,68,86,12,52,64,0,0,0,0,0,0,5,35,40,4,26,30,27,154,181,12,57,68
06/23/2025,92,69,161,56,42,98,0,0,0,0,0,0,15,33,48,14,27,41,149,156,305,57,54,111
06/24/2025,81,49,130,40,33,73,0,0,0,0,0,0,10,41,51,8,25,33,162,134,296,42,45,87
06/25/2025,40,48,88,29,38,67,0,0,0,0,0,0,5,28,33,5,22,27,64,118,182,30,49,79
06/26/2025,67,74,141,39,55,94,0,0,0,0,0,0,12,45,57,11,36,47,110,182,292,39,67,104
06/27/2025,56,61,117,31,37,67,0,0,0,0,0,0,3,19,22,3,18,21,92,125,217,31,45,75
06/28/2025,8,38,46,7,29,36,0,0,0,0,0,0,2,14,16,2,12,14,12,77,89,7,32,39
06/29/2025,4,35,39,4,24,28,0,0,0,0,0,0,1,16,17,1,12,13,5,74,79,4,26,30
06/30/2025,47,82,129,29,58,85,0,0,0,0,0,0,7,38,45,7,30,37,83,187,270,29,76,102
07/01/2025,61,104,165,40,76,116,0,0,0,0,0,0,13,52,65,9,39,48,128,246,374,40,90,130
07/02/2025,97,114,211,56,76,131,0,0,0,0,0,0,7,34,41,7,28,34,163,208,371,56,91,145
07/03/2025,67,100,167,43,66,108,0,0,0,0,0,0,13,40,53,10,28,37,121,199,320,43,74,116
07/04/2025,46,58,104,28,37,64,0,0,0,0,0,0,3,36,39,3,22,25,81,156,237,30,50,79
07/05/2025,56,43,99,16,21,37,0,0,0,0,0,0,1,15,16,1,11,12,79,104,183,16,29,45
07/06/2025,69,31,100,7,24,31,0,0,0,0,0,0,0,13,13,0,9,9,74,77,151,7,30,37
07/07/2025,61,42,103,42,34,75,0,0,0,0,0,0,4,28,32,4,23,27,106,105,211,42,51,92
07/08/2025,88,68,156,38,43,79,0,0,0,0,0,0,13,26,39,9,24,33,161,136,297,38,51,87
07/09/2025,70,89,159,41,57,97,0,0,0,0,0,0,14,35,49,12,27,38,127,181,308,43,68,110
07/10/2025,62,114,176,29,73,100,0,0,0,0,0,0,4,36,40,4,33,37,80,236,316,31,89,118
07/11/2025,46,77,123,30,41,71,0,0,0,0,0,0,11,23,34,11,19,30,102,164,266,30,46,76
07/12/2025,20,26,46,8,20,28,0,0,0,0,0,0,2,13,15,2,10,12,24,66,90,8,24,32
07/13/2025,12,19,31,11,15,25,0,0,0,0,0,0,2,19,21,2,8,10,18,65,83,12,18,29
07/14/2025,65,53,118,31,33,64,0,0,0,0,0,0,9,21,30,6,13,19,109,105,214,32,40,72
07/15/2025,46,43,89,28,31,59,0,0,0,0,0,0,11,25,36,9,16,25,84,116,200,29,42,71
07/16/2025,63,65,128,35,40,74,0,0,0,0,0,0,11,28,39,7,20,27,92,140,232,35,51,85
07/17/2025,93,87,180,42,55,96,0,0,0,0,0,0,9,32,41,7,26,33,115,187,302,42,65,106
07/18/2025,56,75,131,39,47,85,0,0,0,0,0,0,5,31,36,4,22,26,101,163,264,39,59,96
07/19/2025,31,138,169,21,97,118,0,0,0,0,0,0,5,45,50,4,37,41,48,269,317,21,104,125
07/20/2025,27,60,87,18,46,63,0,0,0,0,0,0,3,29,32,3,21,24,52,142,194,18,55,72
07/21/2025,46,54,100,34,34,67,0,0,0,0,0,0,4,18,22,4,15,19,78,113,191,34,40,73
07/22/2025,77,77,154,36,53,89,0,0,0,0,0,0,7,29,36,7,26,33,112,150,262,36,61,97
07/23/2025,53,97,150,42,68,108,0,0,0,0,0,0,8,36,44,8,28,36,125,191,316,44,81,122
07/24/2025,57,74,131,34,57,91,0,0,0,0,0,0,8,30,38,7,28,34,95,194,289,35,72,105
07/25/2025,64,40,104,24,33,57,0,0,0,0,0,0,4,26,30,4,17,21,95,95,190,26,38,63
07/26/2025,16,38,54,12,29,41,0,0,0,0,0,0,5,17,22,4,15,19,29,90,119,12,36,48
07/27/2025,22,25,47,16,17,33,0,0,0,0,0,0,6,6,12,5,6,11,46,37,83,18,21,39
07/28/2025,77,38,115,48,28,75,0,0,0,0,0,0,15,30,45,12,25,37,136,111,247,50,41,90
07/29/2025,55,65,120,33,42,75,0,0,0,0,0,0,8,29,37,8,25,33,99,138,237,34,46,80
07/30/2025,46,78,124,31,55,86,0,0,0,0,0,0,6,33,39,5,25,30,84,193,277,33,68,101
07/31/2025,46,82,128,39,66,104,0,0,0,0,0,0,4,22,26,3,20,22,105,161,266,40,73,112
08/01/2025,46,56,102,30,40,70,0,0,0,0,0,0,1,22,23,1,19,20,83,122,205,30,47,77
08/02/2025,38,57,95,20,43,62,0,0,0,0,0,0,5,14,19,5,12,16,54,86,140,22,45,66
08/03/2025,24,48,72,20,38,58,0,0,0,0,0,0,8,18,26,8,15,23,56,91,147,20,43,63
08/04/2025,54,76,130,40,52,91,0,0,0,0,0,0,7,20,27,7,17,24,128,157,285,41,60,100
08/05/2025,52,70,122,35,51,85,0,0,0,0,0,0,9,26,35,7,20,27,122,172,294,35,60,94
08/06/2025,40,67,107,26,41,66,0,0,0,0,0,0,4,21,25,4,16,20,71,126,197,28,49,76
08/07/2025,40,62,102,31,37,68,0,0,0,0,0,0,9,17,26,8,15,23,81,114,195,31,42,72
08/08/2025,39,64,103,31,50,81,0,0,0,0,0,0,2,35,37,2,28,30,75,161,236,31,59,90
08/09/2025,9,44,53,5,30,35,0,0,0,0,0,0,0,16,16,0,14,14,11,98,109,5,35,40
08/10/2025,28,29,57,14,24,38,0,0,0,0,0,0,8,17,25,5,13,18,51,94,145,14,27,41
08/11/2025,47,58,105,29,42,71,0,0,0,0,0,0,11,24,35,10,22,32,96,123,219,30,46,76
08/12/2025,38,43,81,29,29,55,0,0,0,0,0,0,5,17,22,5,12,17,61,105,166,29,36,62
08/13/2025,56,52,108,29,29,56,0,0,0,0,0,0,5,21,26,5,18,23,100,108,208,29,36,63
08/14/2025,24,50,74,17,33,50,0,0,0,0,0,0,5,13,18,3,11,14,50,111,161,17,37,54
08/15/2025,17,53,70,13,38,51,0,0,0,0,0,0,3,34,37,3,30,33,28,133,161,13,55,68
08/16/2025,31,83,114,18,62,80,0,0,0,0,0,0,11,55,66,10,42,52,52,197,249,18,80,98
08/17/2025,22,70,92,12,39,51,0,0,0,0,0,0,3,31,34,2,28,30,30,135,165,12,50,62
08/18/2025,53,66,119,36,48,83,0,0,0,0,0,0,11,39,50,9,31,40,110,168,278,36,63,98
08/19/2025,50,75,125,31,51,82,0,0,0,0,0,0,8,21,29,8,18,26,75,151,226,32,55,87
08/20/2025,44,43,87,33,32,65,0,0,0,0,0,0,9,10,19,8,8,16,87,112,199,33,37,70
08/21/2025,49,62,111,27,44,69,0,0,0,0,0,0,5,29,34,4,20,24,91,131,222,28,53,79
08/22/2025,46,64,110,32,40,71,0,0,0,0,0,0,8,27,35,6,22,28,79,130,209,32,49,80
08/23/2025,29,22,51,16,19,35,0,0,0,0,0,0,6,16,22,5,14,19,60,54,114,16,29,45
08/24/2025,10,58,68,6,42,48,0,0,0,0,0,0,1,23,24,1,17,18,22,120,142,6,49,55
08/25/2025,64,67,131,34,42,75,0,0,0,0,0,0,5,29,34,5,24,29,102,148,250,36,50,84
08/26/2025,43,53,96,29,40,67,0,0,0,0,0,0,7,30,37,7,21,28,73,129,202,30,48,76
08/27/2025,56,58,114,38,38,76,0,0,0,0,0,0,8,34,42,7,25,32,88,153,241,39,51,90
08/28/2025,61,78,139,44,54,96,0,0,0,0,0,0,11,26,37,10,24,34,114,164,278,46,66,110
08/29/2025,40,53,93,29,32,61,0,0,0,0,0,0,5,13,18,4,13,17,69,91,160,30,32,62
08/30/2025,12,45,57,9,31,39,0,0,0,0,0,0,2,18,20,2,14,16,23,91,114,10,34,43
08/31/2025,25,22,47,13,15,28,0,0,0,0,0,0,6,12,18,6,9,15,53,53,106,14,19,33
09/01/2025,61,52,113,34,38,71,0,0,0,0,0,0,12,26,38,8,19,26,117,130,247,35,44,78
09/02/2025,36,40,76,25,25,50,0,0,0,0,0,0,1,13,14,1,11,12,54,84,138,26,29,55
09/03/2025,49,54,103,27,42,69,0,0,0,0,0,0,7,29,36,5,25,30,90,115,205,28,49,77
09/04/2025,35,71,106,24,40,64,0,0,0,0,0,0,11,22,33,5,18,23,70,156,226,25,48,73
09/05/2025,41,45,86,28,33,61,0,0,0,0,0,0,6,32,38,5,24,29,68,137,205,29,45,74
09/06/2025,32,32,64,12,28,40,0,0,0,0,0,0,5,19,24,3,15,18,46,77,123,13,34,47
09/07/2025,18,37,55,11,20,30,0,0,0,0,0,0,4,22,26,3,13,15,35,89,124,11,27,36
09/08/2025,71,99,170,37,67,103,0,0,0,0,0,0,11,37,48,8,30,37,115,207,322,39,76,114
09/09/2025,44,83,127,32,55,87,0,0,0,0,0,0,6,28,34,6,21,26,110,160,270,33,65,96
09/10/2025,42,41,83,26,30,56,0,0,0,0,0,0,4,17,21,2,12,14,73,83,156,26,35,61
09/11/2025,30,69,99,23,40,62,0,0,0,0,0,0,1,18,19,1,16,17,61,130,191,24,46,69
09/12/2025,44,56,100,28,42,69,0,0,0,0,0,0,3,25,28,3,20,23,67,125,192,30,47,76
09/13/2025,8,58,66,6,38,43,0,0,0,0,0,0,3,30,33,3,21,24,17,149,166,8,46,53
09/14/2025,10,30,40,7,25,32,0,0,0,0,0,0,2,13,15,2,12,14,17,68,85,7,34,41
09/15/2025,46,69,115,37,46,81,0,0,0,0,0,0,8,24,32,8,20,28,98,153,251,39,54,91
09/16/2025,69,67,136,32,35,67,0,0,0,0,0,0,7,40,47,7,27,34,131,160,291,36,47,83
09/17/2025,28,68,96,19,48,67,0,0,0,0,0,0,2,22,24,2,20,22,72,134,206,20,57,77
09/18/2025,53,99,152,36,76,111,0,0,0,0,0,0,10,27,37,8,23,31,120,203,323,38,83,120
09/19/2025,24,45,69,13,29,42,0,0,0,0,0,0,7,19,26,6,11,17,56,106,162,15,34,49
09/20/2025,19,18,37,12,16,28,0,0,0,0,0,0,3,2,5,2,2,4,45,29,74,12,18,30
09/21/2025,17,30,47,14,23,36,0,0,0,0,0,0,4,9,13,4,8,12,30,60,90,14,27,40
09/22/2025,47,69,116,33,41,74,0,0,0,0,0,0,11,51,62,9,40,49,93,209,302,37,72,107
09/23/2025,44,44,88,34,26,60,0,0,0,0,0,0,3,22,25,3,14,17,98,93,191,36,32,68
09/24/2025,61,61,122,27,31,56,0,0,0,0,0,0,7,33,40,6,22,26,98,154,252,28,38,64
09/25/2025,27,40,67,21,29,49,0,0,0,0,0,0,2,24,26,2,14,16,63,95,158,23,35,57
09/26/2025,22,23,45,16,16,32,0,0,0,0,0,0,2,15,17,2,12,14,36,73,109,18,20,38
09/27/2025,18,21,39,10,14,24,0,0,0,0,0,0,3,10,13,3,9,12,29,54,83,10,18,28
09/28/2025,12,21,33,5,15,20,0,0,0,0,0,0,0,5,5,0,4,4,15,35,50,5,21,26
09/29/2025,38,55,93,24,37,61,0,0,0,0,0,0,4,26,30,4,20,24,56,115,171,26,45,71
09/30/2025,44,54,98,27,33,60,0,0,0,0,0,0,9,23,32,9,20,29,72,108,180,28,40,68
10/01/2025,56,36,92,22,25,47,0,0,0,0,0,0,10,25,35,9,21,30,80,104,184,24,44,67
10/02/2025,24,31,55,10,21,31,0,0,0,0,0,0,3,14,17,3,10,13,39,64,103,12,24,36
10/03/2025,21,23,44,15,13,28,0,0,0,0,0,0,7,9,16,5,9,14,54,58,112,17,18,35
10/04/2025,11,24,35,8,19,27,0,0,0,0,0,0,1,13,14,1,9,10,18,50,68,8,22,29
10/05/2025,9,25,34,6,15,21,0,0,0,0,0,0,3,10,13,3,8,11,19,53,72,6,17,23
10/06/2025,27,53,80,22,35,57,0,0,0,0,0,0,4,34,38,4,26,30,41,141,182,23,45,68
10/07/2025,47,52,99,33,32,65,0,0,0,0,0,0,8,17,25,8,14,22,63,108,171,33,36,69
10/08/2025,33,33,66,24,29,53,0,0,0,0,0,0,6,36,42,5,25,30,58,111,169,25,47,72
10/09/2025,25,38,63,19,22,40,0,0,0,0,0,0,10,19,29,8,15,23,52,87,139,21,29,49
10/10/2025,12,21,33,10,17,27,0,0,0,0,0,0,1,12,13,1,10,11,25,60,85,11,21,32
10/11/2025,21,22,43,9,17,26,0,0,0,0,0,0,4,9,13,2,7,8,33,43,76,9,20,28
10/12/2025,20,30,50,14,21,35,0,0,0,0,0,0,4,19,23,4,14,18,36,73,109,14,29,43
10/13/2025,36,49,85,27,34,61,0,0,0,0,0,0,4,32,36,4,27,31,56,120,176,28,45,73
10/14/2025,56,53,109,33,22,55,0,0,0,0,0,0,8,24,32,8,15,23,113,110,223,35,25,60
10/15/2025,30,32,62,21,19,40,0,0,0,0,0,0,5,17,22,5,11,16,54,76,130,23,27,50
10/16/2025,24,50,74,20,36,56,0,0,0,0,0,0,2,23,25,2,18,20,46,99,145,20,43,63
10/17/2025,16,29,45,9,22,31,0,0,0,0,0,0,3,14,17,3,9,12,25,66,91,10,26,36
10/18/2025,11,37,48,6,30,36,0,0,0,0,0,0,0,14,14,0,10,10,15,89,104,6,33,39
10/19/2025,10,19,29,5,15,20,0,0,0,0,0,0,0,19,19,0,13,13,11,61,72,6,24,30
10/20/2025,9,23,32,7,17,24,0,0,0,0,0,0,3,17,20,2,15,17,22,64,86,7,34,41
10/21/2025,7,20,27,6,12,18,0,0,0,0,0,0,1,15,16,1,11,12,9,63,72,6,27,33
10/22/2025,29,38,67,17,24,41,0,0,0,0,0,0,4,23,27,3,15,18,42,97,139,17,29,45
10/23/2025,26,23,49,12,18,30,0,0,0,0,0,0,2,11,13,2,10,12,35,42,77,13,24,37
10/24/2025,31,39,70,16,26,42,0,0,0,0,0,0,1,19,20,1,16,17,49,85,134,16,31,47
10/25/2025,15,33,48,8,19,27,0,0,0,0,0,0,3,8,11,2,7,9,23,65,88,8,25,33
10/26/2025,15,9,24,8,9,17,0,0,0,0,0,0,0,14,14,0,9,9,21,32,53,8,18,26
10/27/2025,35,40,75,26,28,53,0,0,0,0,0,0,3,21,24,3,19,22,75,89,164,26,36,61
10/28/2025,49,58,107,30,35,65,0,0,0,0,0,0,6,26,32,5,23,28,91,132,223,32,42,74
10/29/2025,44,77,121,27,39,65,0,0,0,0,0,0,3,23,26,3,17,20,88,151,239,29,44,72
10/30/2025,30,34,64,16,24,40,0,0,0,0,0,0,2,12,14,1,10,11,56,83,139,17,30,47
10/31/2025,37,33,70,18,19,36,0,0,0,0,0,0,5,27,32,5,10,15,61,111,172,18,24,39
11/01/2025,18,37,55,11,22,33,0,0,0,0,0,0,3,9,12,3,8,11,26,58,84,11,27,38
11/02/2025,9,8,17,5,6,11,0,0,0,0,0,0,4,7,11,4,5,9,16,22,38,5,10,15
11/03/2025,40,39,79,29,29,58,0,0,0,0,0,0,7,25,32,4,20,24,66,88,154,31,40,71
11/04/2025,38,40,78,25,30,55,0,0,0,0,0,0,8,29,37,7,19,26,76,103,179,26,37,63
11/05/2025,40,55,95,30,38,68,0,0,0,0,0,0,4,20,24,4,16,20,86,112,198,32,41,73
11/06/2025,25,33,58,22,25,47,0,0,0,0,0,0,1,15,16,1,12,13,51,67,118,22,28,50
11/07/2025,20,48,68,15,26,41,0,0,0,0,0,0,1,22,23,1,19,20,34,116,150,16,34,50
11/08/2025,14,20,34,9,18,27,0,0,0,0,0,0,5,15,20,5,12,17,32,68,100,11,24,35
11/09/2025,8,17,25,6,14,20,0,0,0,0,0,0,0,15,15,0,13,13,40,52,92,7,22,28
11/10/2025,37,66,103,30,41,69,0,0,0,0,0,0,7,29,36,5,23,28,79,142,221,32,51,81
11/11/2025,39,46,85,27,29,55,0,0,0,0,0,0,7,35,42,5,24,29,64,124,188,29,43,71
11/12/2025,21,33,54,17,22,39,0,0,0,0,0,0,4,14,18,3,12,15,35,73,108,17,30,47
11/13/2025,36,32,68,21,25,45,0,0,0,0,0,0,3,10,13,3,9,12,58,53,111,23,32,54
11/14/2025,51,27,78,27,21,48,0,0,0,0,0,0,6,13,19,3,11,14,79,67,146,28,24,52
11/15/2025,9,27,36,8,20,28,0,0,0,0,0,0,0,16,16,0,12,12,16,62,78,9,24,33
11/16/2025,5,21,26,4,15,19,0,0,0,0,0,0,1,12,13,1,9,10,8,61,69,5,23,28
11/17/2025,44,60,104,32,39,70,0,0,0,0,0,0,7,27,34,6,19,25,68,133,201,32,45,76
11/18/2025,37,72,109,26,36,61,0,0,0,0,0,0,7,25,32,7,18,24,78,129,207,26,38,63
11/19/2025,34,34,68,25,24,48,0,0,0,0,0,0,5,18,23,5,12,16,62,96,158,28,29,56
11/20/2025,48,34,82,31,24,55,0,0,0,0,0,0,5,16,21,5,11,16,94,104,198,36,37,73
11/21/2025,34,23,57,22,21,43,0,0,0,0,0,0,3,23,26,2,16,18,53,80,133,23,31,53
11/22/2025,18,18,36,10,14,24,0,0,0,0,0,0,1,5,6,1,5,6,21,40,61,10,19,29
11/23/2025,15,24,39,5,17,22,0,0,0,0,0,0,0,7,7,0,5,5,25,44,69,5,17,22
11/24/2025,31,53,84,23,32,55,0,0,0,0,0,0,7,19,26,7,15,22,61,118,179,24,44,68
11/25/2025,51,40,91,28,25,53,0,0,0,0,0,0,6,15,21,6,11,17,110,89,199,30,31,61
11/26/2025,41,43,84,27,36,62,0,0,0,0,0,0,2,13,15,1,10,11,80,93,173,27,39,65
11/27/2025,32,41,73,24,27,50,0,0,0,0,0,0,6,11,17,6,11,17,62,83,145,24,34,57
11/28/2025,33,24,57,22,17,38,0,0,0,0,0,0,5,19,24,4,13,17,60,81,141,24,26,49
11/29/2025,18,29,47,9,16,24,0,0,0,0,0,0,2,21,23,2,12,14,25,90,115,9,23,31
11/30/2025,14,29,43,8,16,24,0,0,0,0,0,0,1,11,12,1,8,9,22,57,79,8,18,26
12/01/2025,37,54,91,24,35,59,0,0,0,0,0,0,9,21,30,7,16,23,74,112,186,25,37,62
12/02/2025,41,93,134,28,67,95,0,0,0,0,0,0,3,29,32,3,24,27,71,193,264,31,74,105
12/03/2025,22,26,48,16,18,34,0,0,0,0,0,0,3,8,11,2,6,8,51,62,113,16,23,39
12/04/2025,52,75,127,27,42,69,0,0,0,0,0,0,12,22,34,8,19,27,110,162,272,30,48,78
12/05/2025,42,35,77,25,23,48,0,0,0,0,0,0,9,17,26,6,14,20,69,85,154,27,29,56
12/06/2025,9,29,38,7,16,23,0,0,0,0,0,0,2,11,13,2,10,12,19,63,82,7,24,31
12/07/2025,7,19,26,6,15,21,0,0,0,0,0,0,2,8,10,2,6,8,15,50,65,6,20,26
12/08/2025,40,47,87,24,33,56,0,0,0,0,0,0,7,11,18,6,9,15,85,104,189,24,37,60
12/09/2025,39,26,65,24,22,46,0,0,0,0,0,0,5,11,16,4,9,13,76,68,144,25,27,52
12/10/2025,18,60,78,15,45,60,0,0,0,0,0,0,3,22,25,3,21,24,43,134,177,17,48,65
12/11/2025,65,63,128,33,43,76,0,0,0,0,0,0,19,28,47,15,21,36,133,139,272,34,49,83
12/12/2025,62,77,139,34,44,78,0,0,0,0,0,0,11,46,57,10,20,30,111,208,319,36,51,87
12/13/2025,30,48,78,9,35,42,0,0,0,0,0,0,3,15,18,3,12,13,44,93,137,9,42,48
12/14/2025,8,24,32,5,19,24,0,0,0,0,0,0,3,12,15,3,9,12,15,53,68,5,21,26
12/15/2025,59,43,102,41,32,71,0,0,0,0,0,0,10,18,28,8,12,20,108,109,217,42,36,76
12/16/2025,47,76,123,33,62,95,0,0,0,0,0,0,12,58,70,11,35,45,81,202,283,37,74,110
12/17/2025,43,67,110,26,33,59,0,0,0,0,0,0,6,20,26,6,12,18,68,139,207,27,41,67
12/18/2025,47,30,77,20,26,46,0,0,0,0,0,0,8,25,33,4,14,18,67,79,146,21,34,55
12/19/2025,28,30,58,16,25,41,0,0,0,0,0,0,0,14,14,0,10,10,54,72,126,16,28,44
12/20/2025,9,31,40,7,23,30,0,0,0,0,0,0,0,20,20,0,14,14,15,82,97,8,26,34
